,Employee_Name,EmpID,MarriedID,MaritalStatusID,GenderID,EmpStatusID,DeptID,PerfScoreID,FromDiversityJobFairID,Salary,Termd,PositionID,Position,State,Zip,DOB,Gender,MaritalDesc,CitizenDesc,HispanicLatino,RaceDesc,DateofHire,DateofTermination,TermReason,EmploymentStatus,Department,ManagerName,ManagerID,RecruitmentSource,PerformanceScore,EngagementSurvey,EmpSatisfaction,SpecialProjectsCount,LastPerformanceReview_Date,DaysLateLast30,Absences,HireYear,HireMonth,HireDay,HireMonth_name,HireDay_name,Salary_Label,Salary_label_name,PerformanceScore_id,HireDay_name_id,E_Firstname,E_Middlenae,E_Lastname,M_firstname,M_middlename,M_lastname
0,Adinolfi  Wilson  K,10026,0,0,1,1,5,4,0,62506,0,19,Production Technician I,MA,1960,1983-07-10,M,Single,US Citizen,No,White,2011-07-05,,N/A-StillEmployed,Active,Production,Michael Albert,22,LinkedIn,Exceeds,4.6,5,0,2019-01-17,0,1,2011,7,5,July,Tuesday,Low Salary,0,0,0,Wilson, K,Adinolfi,Michael,,Albert
1,Ait Sidi  Karthikeyan,10084,1,1,1,5,3,3,0,104437,1,27,Sr. DBA,MA,2148,1975-05-05,M,Married,US Citizen,No,White,2015-03-30,2016-06-16,career change,Voluntarily Terminated,IT/IS,Simon Roup,4,Indeed,Fully Meets,4.96,3,6,2016-02-24,0,17,2015,3,30,March,Monday,Medium Salary,1,1,1,Karthikeyan,,Ait Sidi,Simon,,Roup
2,Akinkuolie  Sarah,10196,1,1,0,5,5,3,0,64955,1,20,Production Technician II,MA,1810,1988-09-19,F,Married,US Citizen,No,White,2011-07-05,2012-09-24,hours,Voluntarily Terminated,Production,Kissy Sullivan,20,LinkedIn,Fully Meets,3.02,3,0,2012-05-15,0,3,2011,7,5,July,Tuesday,Low Salary,0,1,0,Sarah,,Akinkuolie,Kissy,,Sullivan
3,Alagbe Trina,10088,1,1,0,1,5,3,0,64991,0,19,Production Technician I,MA,1886,1988-09-27,F,Married,US Citizen,No,White,2008-01-07,,N/A-StillEmployed,Active,Production,Elijiah Gray,16,Indeed,Fully Meets,4.84,5,0,2019-01-03,0,15,2008,1,7,January,Monday,Low Salary,0,1,1,Trina,,Alagbe,Elijiah,,Gray
4,Anderson  Carol,10069,0,2,0,5,5,3,0,50825,1,19,Production Technician I,MA,2169,1989-09-08,F,Divorced,US Citizen,No,White,2011-07-11,2016-09-06,return to school,Voluntarily Terminated,Production,Webster Butler,39,Google Search,Fully Meets,5.0,4,0,2016-02-01,0,2,2011,7,11,July,Monday,Low Salary,0,1,1,Carol,,Anderson,Webster,,Butler
5,Anderson  Linda,10002,0,0,0,1,5,4,0,57568,0,19,Production Technician I,MA,1844,1977-05-22,F,Single,US Citizen,No,White,2012-01-09,,N/A-StillEmployed,Active,Production,Amy Dunn,11,LinkedIn,Exceeds,5.0,5,0,2019-01-07,0,15,2012,1,9,January,Monday,Low Salary,0,0,1,Linda,,Anderson,Amy,,Dunn
6,Andreola  Colby,10194,0,0,0,1,4,3,0,95660,0,24,Software Engineer,MA,2110,1979-05-24,F,Single,US Citizen,No,White,2014-11-10,,N/A-StillEmployed,Active,Software Engineering,Alex Sweetwater,10,LinkedIn,Fully Meets,3.04,3,4,2019-01-02,0,19,2014,11,10,November,Monday,Medium Salary,1,1,1,Colby,,Andreola,Alex,,Sweetwater
7,Athwal  Sam,10062,0,4,1,1,5,3,0,59365,0,19,Production Technician I,MA,2199,1983-02-18,M,Widowed,US Citizen,No,White,2013-09-30,,N/A-StillEmployed,Active,Production,Ketsia Liebig,19,Employee Referral,Fully Meets,5.0,4,0,2019-02-25,0,19,2013,9,30,September,Monday,Low Salary,0,1,1,Sam,,Athwal,Ketsia,,Liebig
8,Bachiochi  Linda,10114,0,0,0,3,5,3,1,47837,0,19,Production Technician I,MA,1902,1970-02-11,F,Single,US Citizen,No,Black or African American,2009-07-06,,N/A-StillEmployed,Active,Production,Brannon Miller,12,Diversity Job Fair,Fully Meets,4.46,3,0,2019-01-25,0,4,2009,7,6,July,Monday,Low Salary,0,1,1,Linda,,Bachiochi,Brannon,,Miller
9,Bacong  Alejandro,10250,0,2,1,1,3,3,0,50178,0,14,IT Support,MA,1886,1988-01-07,M,Divorced,US Citizen,No,White,2015-01-05,,N/A-StillEmployed,Active,IT/IS,Peter Monroe,7,Indeed,Fully Meets,5.0,5,6,2019-02-18,0,16,2015,1,5,January,Monday,Low Salary,0,1,1,Alejandro,,Bacong,Peter,,Monroe
10,Baczenski  Rachael,10252,1,1,0,5,5,3,1,54670,1,19,Production Technician I,MA,1902,1974-01-12,F,Married,US Citizen,Yes,Black or African American,2011-01-10,2017-01-12,Another position,Voluntarily Terminated,Production,David Stanley,14,Diversity Job Fair,Fully Meets,4.2,4,0,2016-01-30,0,12,2011,1,10,January,Monday,Low Salary,0,1,1,Rachael,,Baczenski,David,,Stanley
11,Barbara  Thomas,10242,1,1,1,5,5,3,1,47211,1,19,Production Technician I,MA,2062,1974-02-21,M,Married,US Citizen,Yes,Black or African American,2012-04-02,2016-09-19,unhappy,Voluntarily Terminated,Production,Kissy Sullivan,20,Diversity Job Fair,Fully Meets,4.2,3,0,2016-05-06,0,15,2012,4,2,April,Monday,Low Salary,0,1,1,Thomas,,Barbara,Kissy,,Sullivan
12,Barbossa  Hector,10012,0,2,1,1,3,4,1,92328,0,9,Data Analyst,TX,78230,1988-07-04,M,Divorced,US Citizen,No,Black or African American,2014-11-10,,N/A-StillEmployed,Active,IT/IS,Simon Roup,4,Diversity Job Fair,Exceeds,4.28,4,5,2019-02-25,0,9,2014,11,10,November,Monday,Medium Salary,1,0,1,Hector,,Barbossa,Simon,,Roup
13,Barone  Francesco  A,10265,0,0,1,1,5,3,0,58709,0,19,Production Technician I,MA,1810,1983-07-20,M,Single,US Citizen,No,Two or more races,2012-02-20,,N/A-StillEmployed,Active,Production,Kelley Spirea,18,Google Search,Fully Meets,4.6,4,0,2019-02-14,0,7,2012,2,20,February,Monday,Low Salary,0,1,1,Francesco, A,Barone,Kelley,,Spirea
14,Barton  Nader,10066,0,2,1,5,5,3,0,52505,1,19,Production Technician I,MA,2747,1977-07-15,M,Divorced,US Citizen,No,White,2012-09-24,2017-04-06,Another position,Voluntarily Terminated,Production,Michael Albert,22,On-line Web application,Fully Meets,5.0,5,0,2017-03-02,0,1,2012,9,24,September,Monday,Low Salary,0,1,1,Nader,,Barton,Michael,,Albert
15,Bates  Norman,10061,0,0,1,4,5,3,0,57834,1,19,Production Technician I,MA,2050,1981-10-18,M,Single,US Citizen,No,White,2011-02-21,2017-08-04,attendance,Terminated for Cause,Production,Kelley Spirea,18,Google Search,Fully Meets,5.0,4,0,2017-04-05,0,20,2011,2,21,February,Monday,Low Salary,0,1,1,Norman,,Bates,Kelley,,Spirea
16,Beak  Kimberly,10023,1,1,0,2,5,4,0,70131,0,20,Production Technician II,MA,2145,1966-04-17,F,Married,US Citizen,No,White,2016-07-21,,N/A-StillEmployed,Active,Production,Kelley Spirea,18,Employee Referral,Exceeds,4.4,3,0,2019-01-14,0,16,2016,7,21,July,Thursday,Medium Salary,1,0,2,Kimberly,,Beak,Kelley,,Spirea
17,Beatrice  Courtney,10055,0,0,0,1,5,3,0,59026,0,19,Production Technician I,MA,1915,1970-10-27,F,Single,Eligible NonCitizen,No,White,2011-04-04,,N/A-StillEmployed,Active,Production,Elijiah Gray,16,Google Search,Fully Meets,5.0,5,0,2019-01-14,0,12,2011,4,4,April,Monday,Low Salary,0,1,1,Courtney,,Beatrice,Elijiah,,Gray
18,Becker  Renee,10245,0,0,0,4,3,3,0,110000,1,8,Database Administrator,MA,2026,1986-04-04,F,Single,US Citizen,Yes,White,2014-07-07,2015-09-12,performance,Terminated for Cause,IT/IS,Simon Roup,4,Google Search,Fully Meets,4.5,4,5,2015-01-15,0,8,2014,7,7,July,Monday,Medium Salary,1,1,1,Renee,,Becker,Simon,,Roup
19,Becker  Scott,10277,0,0,1,3,5,3,0,53250,0,19,Production Technician I,MA,2452,1979-04-06,M,Single,US Citizen,No,Asian,2013-07-08,,N/A-StillEmployed,Active,Production,Webster Butler,16,LinkedIn,Fully Meets,4.2,4,0,2019-01-11,0,13,2013,7,8,July,Monday,Low Salary,0,1,1,Wilson, K,Adinolfi,Webster,,Butler
20,Bernstein  Sean,10046,0,0,1,1,5,3,0,51044,0,19,Production Technician I,MA,2072,1970-12-22,M,Single,US Citizen,Yes,White,2012-04-02,,N/A-StillEmployed,Active,Production,Amy Dunn,11,Google Search,Fully Meets,5.0,3,0,2019-01-14,0,13,2012,4,2,April,Monday,Low Salary,0,1,1,Karthikeyan,,Ait Sidi,Amy,,Dunn
21,Biden  Lowan  M,10226,0,2,0,1,5,3,0,64919,0,19,Production Technician I,MA,2027,1958-12-27,F,Divorced,US Citizen,No,Asian,2013-08-19,,N/A-StillEmployed,Active,Production,Ketsia Liebig,19,Indeed,Fully Meets,4.2,3,0,2019-01-10,0,2,2013,8,19,August,Monday,Low Salary,0,1,1,Sarah,,Akinkuolie,Ketsia,,Liebig
22,Billis  Helen,10003,1,1,0,1,5,4,0,62910,0,19,Production Technician I,MA,2031,1989-09-01,F,Married,US Citizen,No,White,2014-07-07,,N/A-StillEmployed,Active,Production,Brannon Miller,12,Indeed,Exceeds,5.0,3,0,2019-02-27,0,19,2014,7,7,July,Monday,Low Salary,0,0,1,Trina,,Alagbe,Brannon,,Miller
23,Blount  Dianna,10294,0,0,0,1,5,2,0,66441,0,20,Production Technician II,MA,2171,1990-09-21,F,Single,US Citizen,No,White,2011-04-04,,N/A-StillEmployed,Active,Production,Michael Albert,22,CareerBuilder,Needs Improvement,2.0,3,0,2019-02-27,2,3,2011,4,4,April,Monday,Low Salary,0,2,1,Carol,,Anderson,Michael,,Albert
24,Bondwell  Betsy,10267,0,0,0,5,5,3,0,57815,1,20,Production Technician II,MA,2210,1967-01-16,F,Single,US Citizen,No,White,2011-01-10,2014-04-04,career change,Voluntarily Terminated,Production,Elijiah Gray,16,Google Search,Fully Meets,4.8,5,0,2014-03-04,0,5,2011,1,10,January,Monday,Low Salary,0,1,1,Linda,,Anderson,Elijiah,,Gray
25,Booth  Frank,10199,0,0,1,4,3,3,0,103613,1,30,Enterprise Architect,CT,6033,1964-07-30,M,Single,US Citizen,No,Black or African American,2014-02-17,2016-02-19,Learned that he is a gangster,Terminated for Cause,IT/IS,Simon Roup,4,LinkedIn,Fully Meets,3.5,5,7,2016-01-10,0,2,2014,2,17,February,Monday,Medium Salary,1,1,1,Colby,,Andreola,Simon,,Roup
26,Boutwell  Bonalyn,10081,1,1,0,1,1,3,1,106367,0,26,Sr. Accountant,MA,2468,1987-04-04,F,Married,US Citizen,No,Black or African American,2015-02-16,,N/A-StillEmployed,Active,Admin Offices,Brandon R. LeBlanc,3,Diversity Job Fair,Fully Meets,5.0,4,3,2019-02-18,0,4,2015,2,16,February,Monday,Medium Salary,1,1,1,Sam,,Athwal,Brandon,R.,LeBlanc
27,Bozzi  Charles,10175,0,0,1,5,5,3,0,74312,1,18,Production Manager,MA,1901,1970-03-10,M,Single,US Citizen,No,Asian,2013-09-30,2014-08-07,retiring,Voluntarily Terminated,Production,Janet King,2,Indeed,Fully Meets,3.39,3,0,2014-02-20,0,14,2013,9,30,September,Monday,Medium Salary,1,1,1,Linda,,Bachiochi,Janet,,King
28,Brill  Donna,10177,1,1,0,5,5,3,0,53492,1,19,Production Technician I,MA,1701,1990-08-24,F,Married,US Citizen,No,White,2012-04-02,2013-06-15,Another position,Voluntarily Terminated,Production,David Stanley,14,Google Search,Fully Meets,3.35,4,0,2013-03-04,0,6,2012,4,2,April,Monday,Low Salary,0,1,1,Alejandro,,Bacong,David,,Stanley
29,Brown  Mia,10238,1,1,0,1,1,3,1,63000,0,1,Accountant I,MA,1450,1987-11-24,F,Married,US Citizen,No,Black or African American,2008-10-27,,N/A-StillEmployed,Active,Admin Offices,Brandon R. LeBlanc,1,Diversity Job Fair,Fully Meets,4.5,2,6,2019-01-15,0,14,2008,10,27,October,Monday,Low Salary,0,1,1,Rachael,,Baczenski,Brandon,R.,LeBlanc
30,Buccheri  Joseph,10184,0,0,1,1,5,3,0,65288,0,20,Production Technician II,MA,1013,1983-07-28,M,Single,US Citizen,No,White,2014-09-29,,N/A-StillEmployed,Active,Production,Webster Butler,16,Google Search,Fully Meets,3.19,3,0,2019-02-01,0,9,2014,9,29,September,Monday,Low Salary,0,1,1,Thomas,,Barbara,Webster,,Butler
31,Bugali  Josephine,10203,0,3,0,3,5,3,1,64375,0,19,Production Technician I,MA,2043,1969-10-30,F,Separated,US Citizen,No,Black or African American,2013-11-11,,N/A-StillEmployed,Active,Production,Kissy Sullivan,20,Diversity Job Fair,Fully Meets,3.5,5,0,2019-01-21,0,17,2013,11,11,November,Monday,Low Salary,0,1,1,Hector,,Barbossa,Kissy,,Sullivan
32,Bunbury  Jessica,10188,1,1,0,5,6,3,0,74326,1,3,Area Sales Manager,VA,21851,1964-06-01,F,Married,Eligible NonCitizen,No,Black or African American,2011-08-15,2014-08-02,Another position,Voluntarily Terminated,Sales,John Smith,17,Google Search,Fully Meets,3.14,5,0,2013-02-10,1,19,2011,8,15,August,Monday,Medium Salary,1,1,1,Francesco, A,Barone,John,,Smith
33,Burke  Joelle,10107,0,0,0,1,5,3,0,63763,0,20,Production Technician II,MA,2148,1980-03-02,F,Single,US Citizen,No,Black or African American,2012-03-05,,N/A-StillEmployed,Active,Production,Amy Dunn,11,Employee Referral,Fully Meets,4.51,4,0,2019-02-21,0,3,2012,3,5,March,Monday,Low Salary,0,1,1,Nader,,Barton,Amy,,Dunn
34,Burkett  Benjamin,10181,1,1,1,1,5,3,0,62162,0,20,Production Technician II,MA,1890,1977-08-19,M,Married,US Citizen,No,White,2011-04-04,,N/A-StillEmployed,Active,Production,Ketsia Liebig,19,Indeed,Fully Meets,3.25,5,0,2019-01-14,0,15,2011,4,4,April,Monday,Low Salary,0,1,1,Norman,,Bates,Ketsia,,Liebig
35,Cady  Max,10150,0,0,1,1,4,3,0,77692,0,25,Software Engineering Manager,MA,2184,1966-11-22,M,Single,US Citizen,No,White,2011-08-15,,N/A-StillEmployed,Active,Software Engineering,Jennifer Zamora,5,Google Search,Fully Meets,3.84,3,5,2019-01-21,0,4,2011,8,15,August,Monday,Medium Salary,1,1,1,Kimberly,,Beak,Jennifer,,Zamora
36,Candie  Calvin,10001,0,0,1,1,5,4,0,72640,0,18,Production Manager,MA,2169,1983-08-09,M,Single,US Citizen,No,White,2016-01-28,,N/A-StillEmployed,Active,Production,Janet King,2,Indeed,Exceeds,5.0,3,0,2019-02-22,0,14,2016,1,28,January,Thursday,Medium Salary,1,0,2,Courtney,,Beatrice,Janet,,King
37,Carabbio  Judith,10085,0,0,0,1,4,3,0,93396,0,24,Software Engineer,MA,2132,1987-04-05,F,Single,US Citizen,No,White,2013-11-11,,N/A-StillEmployed,Active,Software Engineering,Alex Sweetwater,10,Indeed,Fully Meets,4.96,4,6,2019-01-30,0,3,2013,11,11,November,Monday,Medium Salary,1,1,1,Renee,,Becker,Alex,,Sweetwater
38,Carey  Michael,10115,0,0,1,1,5,3,0,52846,0,19,Production Technician I,MA,1701,1983-02-02,M,Single,US Citizen,No,Black or African American,2014-03-31,,N/A-StillEmployed,Active,Production,Kelley Spirea,18,LinkedIn,Fully Meets,4.43,3,0,2019-02-01,0,14,2014,3,31,March,Monday,Low Salary,0,1,1,Scott,,Becker,Kelley,,Spirea
39,Carr  Claudia  N,10082,0,0,0,2,3,3,0,100031,0,27,Sr. DBA,MA,1886,1986-06-06,F,Single,US Citizen,No,Black or African American,2016-06-30,,N/A-StillEmployed,Active,IT/IS,Simon Roup,4,LinkedIn,Fully Meets,5.0,5,6,2019-02-18,0,7,2016,6,30,June,Thursday,Medium Salary,1,1,2,Sean,,Bernstein,Simon,,Roup
40,Carter  Michelle,10040,0,0,0,1,6,3,0,71860,0,3,Area Sales Manager,VT,5664,1963-05-15,F,Single,US Citizen,No,White,2014-08-18,,N/A-StillEmployed,Active,Sales,John Smith,17,Indeed,Fully Meets,5.0,5,0,2019-01-21,0,7,2014,8,18,August,Monday,Medium Salary,1,1,1,Lowan, M,Biden,John,,Smith
41,Chace  Beatrice,10067,0,0,0,1,5,3,0,61656,0,19,Production Technician I,MA,2763,1951-01-02,F,Single,US Citizen,No,White,2014-09-29,,N/A-StillEmployed,Active,Production,Michael Albert,22,Google Search,Fully Meets,5.0,4,0,2019-02-12,0,11,2014,9,29,September,Monday,Low Salary,0,1,1,Helen,,Billis,Michael,,Albert
42,Champaigne  Brian,10108,1,1,1,1,3,3,0,110929,0,5,BI Director,MA,2045,1972-02-09,M,Married,US Citizen,No,White,2016-09-06,,N/A-StillEmployed,Active,IT/IS,Jennifer Zamora,5,Indeed,Fully Meets,4.5,5,7,2019-01-15,0,8,2016,9,6,September,Tuesday,Medium Salary,1,1,0,Dianna,,Blount,Jennifer,,Zamora
43,Chan  Lin,10210,0,0,0,1,5,3,0,54237,0,19,Production Technician I,MA,2170,1979-02-12,F,Single,US Citizen,No,White,2014-05-12,,N/A-StillEmployed,Active,Production,Elijiah Gray,16,Indeed,Fully Meets,3.3,4,0,2019-02-19,0,11,2014,5,12,May,Monday,Low Salary,0,1,1,Betsy,,Bondwell,Elijiah,,Gray
44,Chang  Donovan  E,10154,0,0,1,1,5,3,0,60380,0,19,Production Technician I,MA,1845,1983-08-24,M,Single,US Citizen,No,White,2013-07-08,,N/A-StillEmployed,Active,Production,Webster Butler,16,LinkedIn,Fully Meets,3.8,5,0,2019-01-14,0,4,2013,7,8,July,Monday,Low Salary,0,1,1,Frank,,Booth,Webster,,Butler
45,Chigurh  Anton,10200,0,0,1,1,6,3,0,66808,0,3,Area Sales Manager,TX,78207,1970-06-11,M,Single,Eligible NonCitizen,No,Black or African American,2012-05-14,,N/A-StillEmployed,Active,Sales,Lynn Daneault,21,Employee Referral,Fully Meets,3.0,5,0,2019-01-19,0,17,2012,5,14,May,Monday,Low Salary,0,1,1,Bonalyn,,Boutwell,Lynn,,Daneault
46,Chivukula  Enola,10240,0,0,0,5,5,3,0,64786,1,19,Production Technician I,MA,1775,1983-08-27,F,Single,US Citizen,No,White,2011-06-27,2015-11-15,relocation out of area,Voluntarily Terminated,Production,Amy Dunn,11,Indeed,Fully Meets,4.3,4,0,2015-03-10,0,3,2011,6,27,June,Monday,Low Salary,0,1,1,Charles,,Bozzi,Amy,,Dunn
47,Cierpiszewski  Caroline,10168,0,0,0,1,5,3,0,64816,0,19,Production Technician I,MA,2044,1988-05-31,F,Single,Non-Citizen,No,Black or African American,2011-10-03,,N/A-StillEmployed,Active,Production,Ketsia Liebig,19,Indeed,Fully Meets,3.58,5,0,2019-01-30,0,3,2011,10,3,October,Monday,Low Salary,0,1,1,Donna,,Brill,Ketsia,,Liebig
48,Clayton  Rick,10220,0,0,1,1,3,3,0,68678,0,14,IT Support,MA,2170,1985-09-05,M,Single,US Citizen,No,White,2012-09-05,,N/A-StillEmployed,Active,IT/IS,Eric Dougall,6,Indeed,Fully Meets,4.7,3,6,2019-02-27,0,2,2012,9,5,September,Wednesday,Low Salary,0,1,3,Mia,,Brown,Eric,,Dougall
49,Cloninger  Jennifer,10275,1,1,0,5,5,3,0,64066,1,20,Production Technician II,MA,1752,1981-08-31,F,Married,US Citizen,No,White,2011-05-16,2013-01-07,unhappy,Voluntarily Terminated,Production,Brannon Miller,12,Google Search,Fully Meets,4.2,5,0,2012-05-03,0,9,2011,5,16,May,Monday,Low Salary,0,1,1,Joseph,,Buccheri,Brannon,,Miller
50,Close  Phil,10269,1,1,1,5,5,3,0,59369,1,20,Production Technician II,MA,2169,1978-11-25,M,Married,US Citizen,No,White,2010-08-30,2011-09-26,career change,Voluntarily Terminated,Production,David Stanley,14,Indeed,Fully Meets,4.2,4,0,2011-05-04,0,6,2010,8,30,August,Monday,Low Salary,0,1,1,Josephine,,Bugali,David,,Stanley
51,Clukey  Elijian,10029,1,1,1,2,5,4,0,50373,0,19,Production Technician I,MA,2134,1980-08-26,M,Married,US Citizen,No,White,2016-07-06,,N/A-StillEmployed,Active,Production,Brannon Miller,12,Employee Referral,Exceeds,4.1,4,0,2019-02-28,0,5,2016,7,6,July,Wednesday,Low Salary,0,0,3,Jessica,,Bunbury,Brannon,,Miller
52,Cockel  James,10261,0,0,1,1,5,3,0,63108,0,19,Production Technician I,MA,2452,1977-09-08,M,Single,US Citizen,No,White,2013-07-08,,N/A-StillEmployed,Active,Production,David Stanley,14,Employee Referral,Fully Meets,4.4,5,0,2019-01-14,0,3,2013,7,8,July,Monday,Low Salary,0,1,1,Joelle,,Burke,David,,Stanley
53,Cole  Spencer,10292,0,0,1,4,5,2,0,59144,1,19,Production Technician I,MA,1880,1979-08-12,M,Single,US Citizen,No,Black or African American,2011-07-11,2016-09-23,performance,Terminated for Cause,Production,Kissy Sullivan,20,LinkedIn,Needs Improvement,2.0,3,0,2016-05-01,5,16,2011,7,11,July,Monday,Low Salary,0,2,1,Benjamin,,Burkett,Kissy,,Sullivan
54,Corleone  Michael,10282,0,2,1,1,5,2,0,68051,0,18,Production Manager,MA,1803,1975-12-17,M,Divorced,US Citizen,No,White,2010-07-20,,N/A-StillEmployed,Active,Production,Janet King,2,CareerBuilder,Needs Improvement,4.13,2,0,2019-01-14,3,3,2010,7,20,July,Tuesday,Low Salary,0,2,0,Max,,Cady,Janet,,King
55,Corleone  Vito,10019,0,0,1,1,5,4,0,170500,0,10,Director of Operations,MA,2030,1983-03-19,M,Single,US Citizen,No,Black or African American,2009-01-05,,N/A-StillEmployed,Active,Production,Janet King,2,Indeed,Exceeds,3.7,5,0,2019-02-04,0,15,2009,1,5,January,Monday,High Salary,2,0,1,Calvin,,Candie,Janet,,King
56,Cornett  Lisa,10094,1,1,0,1,5,3,0,63381,0,19,Production Technician I,MA,2189,1977-03-31,F,Married,US Citizen,Yes,White,2015-01-05,,N/A-StillEmployed,Active,Production,Kelley Spirea,18,Indeed,Fully Meets,4.73,5,0,2019-02-14,0,6,2015,1,5,January,Monday,Low Salary,0,1,1,Judith,,Carabbio,Kelley,,Spirea
57,Costello  Frank,10193,1,1,1,1,3,3,0,83552,0,9,Data Analyst,MA,1810,1986-08-26,M,Married,US Citizen,No,White,2015-03-30,,N/A-StillEmployed,Active,IT/IS,Simon Roup,4,Indeed,Fully Meets,3.04,3,6,2019-01-22,0,2,2015,3,30,March,Monday,Medium Salary,1,1,1,Michael,,Carey,Simon,,Roup
58,Crimmings    Jean,10132,0,0,0,2,5,3,0,56149,0,19,Production Technician I,MA,1821,1987-04-10,F,Single,US Citizen,No,White,2016-07-06,,N/A-StillEmployed,Active,Production,Michael Albert,22,LinkedIn,Fully Meets,4.12,5,0,2019-01-28,0,15,2016,7,6,July,Wednesday,Low Salary,0,1,3,Claudia, N,Carr,Michael,,Albert
59,Cross  Noah,10083,0,0,1,1,3,3,0,92329,0,28,Sr. Network Engineer,CT,6278,1965-09-09,M,Single,US Citizen,No,White,2014-11-10,,N/A-StillEmployed,Active,IT/IS,Peter Monroe,7,Employee Referral,Fully Meets,5.0,3,4,2019-01-02,0,5,2014,11,10,November,Monday,Medium Salary,1,1,1,Michelle,,Carter,Peter,,Monroe
60,Daneault  Lynn,10099,0,0,0,1,6,3,0,65729,0,21,Sales Manager,VT,5473,1990-04-19,F,Single,US Citizen,No,White,2014-05-05,,N/A-StillEmployed,Active,Sales,Debra Houlihan,15,Indeed,Fully Meets,4.62,4,0,2019-01-24,0,8,2014,5,5,May,Monday,Low Salary,0,1,1,Beatrice,,Chace,Debra,,Houlihan
61,Daniele  Ann,10212,1,1,0,3,3,3,0,85028,0,28,Sr. Network Engineer,CT,6033,1952-01-18,F,Married,US Citizen,No,White,2014-11-10,,N/A-StillEmployed,Active,IT/IS,Peter Monroe,7,LinkedIn,Fully Meets,3.1,5,8,2019-02-12,0,19,2014,11,10,November,Monday,Medium Salary,1,1,1,Brian,,Champaigne,Peter,,Monroe
62,Darson  Jene'ya,10056,1,1,0,1,5,3,0,57583,0,19,Production Technician I,MA,2110,1978-11-05,F,Married,US Citizen,No,White,2012-07-02,,N/A-StillEmployed,Active,Production,Elijiah Gray,16,Indeed,Fully Meets,5.0,3,0,2019-02-25,0,1,2012,7,2,July,Monday,Low Salary,0,1,1,Lin,,Chan,Elijiah,,Gray
63,Davis  Daniel,10143,0,0,1,1,5,3,0,56294,0,20,Production Technician II,MA,2458,1979-09-14,M,Single,Eligible NonCitizen,No,Two or more races,2011-11-07,,N/A-StillEmployed,Active,Production,Kissy Sullivan,20,LinkedIn,Fully Meets,3.96,4,0,2019-02-27,0,6,2011,11,7,November,Monday,Low Salary,0,1,1,Donovan, E,Chang,Kissy,,Sullivan
64,Dee  Randy,10311,1,1,1,1,6,1,0,56991,0,19,Production Technician I,MA,2138,1988-04-15,M,Married,US Citizen,No,White,2018-07-09,,N/A-StillEmployed,Active,Production,Brannon Miller,12,Indeed,Fully Meets,4.3,4,3,2019-01-31,2,2,2018,7,9,July,Monday,Low Salary,0,1,1,Anton,,Chigurh,Brannon,,Miller
65,DeGweck   James,10070,1,1,1,5,5,3,0,55722,1,19,Production Technician I,MA,1810,1977-10-31,M,Married,US Citizen,No,White,2011-05-16,2016-06-08,unhappy,Voluntarily Terminated,Production,Webster Butler,39,Indeed,Fully Meets,5.0,4,0,2016-04-02,0,14,2011,5,16,May,Monday,Low Salary,0,1,1,Enola,,Chivukula,Webster,,Butler
66,Del Bosque  Keyla,10155,0,0,0,1,4,3,0,101199,0,24,Software Engineer,MA,2176,1979-07-05,F,Single,US Citizen,No,Black or African American,2012-01-09,,N/A-StillEmployed,Active,Software Engineering,Alex Sweetwater,10,CareerBuilder,Fully Meets,3.79,5,5,2019-01-25,0,8,2012,1,9,January,Monday,Medium Salary,1,1,1,Caroline,,Cierpiszewski,Alex,,Sweetwater
67,Delarge  Alex,10306,0,0,1,1,6,1,0,61568,0,3,Area Sales Manager,AL,36006,1975-11-02,M,Single,US Citizen,No,Two or more races,2014-09-29,,N/A-StillEmployed,Active,Sales,John Smith,17,Indeed,PIP,1.93,3,0,2019-01-30,6,5,2014,9,29,September,Monday,Low Salary,0,3,1,Rick,,Clayton,John,,Smith
68,Demita  Carla,10100,0,3,0,5,5,3,0,58275,1,20,Production Technician II,MA,2343,1951-02-25,F,Separated,US Citizen,No,Black or African American,2011-04-04,2015-11-04,more money,Voluntarily Terminated,Production,Kelley Spirea,18,Google Search,Fully Meets,4.62,5,0,2015-05-06,0,1,2011,4,4,April,Monday,Low Salary,0,1,1,Jennifer,,Cloninger,Kelley,,Spirea
69,Desimone  Carl,10310,1,1,1,1,5,1,0,53189,0,19,Production Technician I,MA,2061,1967-04-19,M,Married,US Citizen,No,White,2014-07-07,,N/A-StillEmployed,Active,Production,Amy Dunn,11,Indeed,PIP,1.12,2,0,2019-01-31,4,9,2014,7,7,July,Monday,Low Salary,0,3,1,Phil,,Close,Amy,,Dunn
70,DeVito  Tommy,10197,0,0,1,1,3,3,0,96820,0,4,BI Developer,MA,2045,1983-09-04,M,Single,US Citizen,No,White,2017-02-15,,N/A-StillEmployed,Active,IT/IS,Brian Champaigne,13,Indeed,Fully Meets,3.01,5,7,2019-01-23,0,15,2017,2,15,February,Wednesday,Medium Salary,1,1,3,Elijian,,Clukey,Brian,,Champaigne
71,Dickinson  Geoff,10276,0,0,1,1,5,3,0,51259,0,19,Production Technician I,MA,2180,1982-11-15,M,Single,US Citizen,No,White,2014-05-12,,N/A-StillEmployed,Active,Production,Ketsia Liebig,19,Indeed,Fully Meets,4.3,4,0,2019-02-19,0,1,2014,5,12,May,Monday,Low Salary,0,1,1,James,,Cockel,Ketsia,,Liebig
72,Dietrich  Jenna,10304,0,0,0,1,6,1,0,59231,0,3,Area Sales Manager,WA,98052,1987-05-14,F,Single,US Citizen,Yes,White,2012-02-20,,N/A-StillEmployed,Active,Sales,John Smith,17,Website,PIP,2.3,1,0,2019-01-29,2,17,2012,2,20,February,Monday,Low Salary,0,3,1,Spencer,,Cole,John,,Smith
73,DiNocco  Lily,10284,1,1,0,1,5,2,0,61584,0,19,Production Technician I,MA,2351,1978-12-02,F,Married,US Citizen,No,Black or African American,2013-01-07,,N/A-StillEmployed,Active,Production,Brannon Miller,12,Indeed,Needs Improvement,3.88,4,0,2019-01-18,0,6,2013,1,7,January,Monday,Low Salary,0,2,1,Michael,,Corleone,Brannon,,Miller
74,Dobrin  Denisa  S,10207,0,0,0,1,5,3,0,46335,0,19,Production Technician I,MA,2125,1986-10-07,F,Single,US Citizen,Yes,White,2012-04-02,,N/A-StillEmployed,Active,Production,David Stanley,14,CareerBuilder,Fully Meets,3.4,5,0,2019-02-19,0,15,2012,4,2,April,Monday,Low Salary,0,1,1,Vito,,Corleone,David,,Stanley
75,Dolan  Linda,10133,1,1,0,1,3,3,0,70621,0,14,IT Support,MA,2119,1988-07-18,F,Married,US Citizen,No,White,2015-01-05,,N/A-StillEmployed,Active,IT/IS,Peter Monroe,7,Employee Referral,Fully Meets,4.11,4,6,2019-02-25,0,16,2015,1,5,January,Monday,Medium Salary,1,1,1,Lisa,,Cornett,Peter,,Monroe
76,Dougall  Eric,10028,0,0,1,1,3,4,0,138888,0,13,IT Manager - Support,MA,1886,1970-07-09,M,Single,US Citizen,No,Black or African American,2014-01-05,,N/A-StillEmployed,Active,IT/IS,Jennifer Zamora,5,Indeed,Exceeds,4.3,5,5,2019-01-04,0,4,2014,1,5,January,Sunday,Medium Salary,1,0,4,Frank,,Costello,Jennifer,,Zamora
77,Driver  Elle,10006,0,0,0,1,6,4,0,74241,0,3,Area Sales Manager,CA,90007,1988-11-08,F,Single,US Citizen,No,White,2011-01-10,,N/A-StillEmployed,Active,Sales,Lynn Daneault,21,Indeed,Exceeds,4.77,5,0,2019-01-27,0,14,2011,1,10,January,Monday,Medium Salary,1,0,1,Jean,,Crimmings,Lynn,,Daneault
78,Dunn  Amy,10105,0,0,0,1,5,3,0,75188,0,18,Production Manager,MA,1731,1973-11-28,F,Single,US Citizen,No,White,2014-09-18,,N/A-StillEmployed,Active,Production,Janet King,2,Google Search,Fully Meets,4.52,4,0,2019-01-15,0,4,2014,9,18,September,Thursday,Medium Salary,1,1,2,Noah,,Cross,Janet,,King
79,Dunne  Amy,10211,1,1,0,1,5,3,0,62514,0,19,Production Technician I,MA,1749,1973-09-23,F,Married,US Citizen,No,White,2010-04-26,,N/A-StillEmployed,Active,Production,Ketsia Liebig,19,Google Search,Fully Meets,2.9,3,0,2019-01-21,0,6,2010,4,26,April,Monday,Low Salary,0,1,1,Lynn,,Daneault,Ketsia,,Liebig
80,Eaton  Marianne,10064,1,1,0,5,5,3,0,60070,1,19,Production Technician I,MA,2343,1991-09-05,F,Married,US Citizen,No,White,2011-04-04,2017-06-06,military,Voluntarily Terminated,Production,Kissy Sullivan,20,Google Search,Fully Meets,5.0,3,0,2017-04-09,0,7,2011,4,4,April,Monday,Low Salary,0,1,1,Ann,,Daniele,Kissy,,Sullivan
81,Engdahl  Jean,10247,0,0,1,1,5,3,0,48888,0,19,Production Technician I,MA,2026,1974-05-31,M,Single,US Citizen,No,White,2014-11-10,,N/A-StillEmployed,Active,Production,Kelley Spirea,18,LinkedIn,Fully Meets,4.7,5,0,2019-02-13,0,8,2014,11,10,November,Monday,Low Salary,0,1,1,Jene'ya,,Darson,Kelley,,Spirea
82,England  Rex,10235,1,1,1,1,5,3,0,54285,0,19,Production Technician I,MA,2045,1978-08-25,M,Married,US Citizen,No,White,2014-03-31,,N/A-StillEmployed,Active,Production,Kelley Spirea,18,Employee Referral,Fully Meets,4.2,3,0,2019-01-11,0,3,2014,3,31,March,Monday,Low Salary,0,1,1,Daniel,,Davis,Kelley,,Spirea
83,Erilus  Angela,10299,0,3,0,1,5,1,0,56847,0,20,Production Technician II,MA,2133,1989-08-25,F,Separated,US Citizen,No,White,2014-07-07,,N/A-StillEmployed,Active,Production,Michael Albert,22,Indeed,PIP,3.0,1,0,2019-02-25,2,5,2014,7,7,July,Monday,Low Salary,0,3,1,Randy,,Dee,Michael,,Albert
84,Estremera  Miguel,10280,0,0,1,4,5,2,0,60340,1,19,Production Technician I,MA,2129,1983-09-02,M,Single,US Citizen,No,White,2012-04-02,2018-09-27,attendance,Terminated for Cause,Production,Michael Albert,22,Google Search,Needs Improvement,5.0,4,0,2018-04-12,5,16,2012,4,2,April,Monday,Low Salary,0,2,1,James,,DeGweck,Michael,,Albert
85,Evensen  April,10296,0,0,0,4,5,2,0,59124,1,19,Production Technician I,MA,2458,1989-05-06,F,Single,US Citizen,No,White,2014-02-17,2018-02-25,"no-call, no-show",Terminated for Cause,Production,Elijiah Gray,16,Google Search,Needs Improvement,2.3,3,0,2017-01-15,5,19,2014,2,17,February,Monday,Low Salary,0,2,1,Keyla,,Del Bosque,Elijiah,,Gray
86,Exantus  Susan,10290,1,1,0,4,4,2,0,99280,1,24,Software Engineer,MA,1749,1987-05-15,F,Married,US Citizen,No,Black or African American,2011-05-02,2013-06-05,attendance,Terminated for Cause,Software Engineering,Alex Sweetwater,10,Indeed,Needs Improvement,2.1,5,4,2012-08-10,4,19,2011,5,2,May,Monday,Medium Salary,1,2,1,Alex,,Delarge,Alex,,Sweetwater
87,Faller  Megan,10263,1,1,0,1,5,3,0,71776,0,20,Production Technician II,MA,1824,1978-09-22,F,Married,US Citizen,No,Black or African American,2014-07-07,,N/A-StillEmployed,Active,Production,Elijiah Gray,16,LinkedIn,Fully Meets,4.4,5,0,2019-02-22,0,17,2014,7,7,July,Monday,Medium Salary,1,1,1,Carla,,Demita,Elijiah,,Gray
88,Fancett  Nicole,10136,0,0,0,1,5,3,0,65902,0,20,Production Technician II,MA,2324,1987-09-27,F,Single,US Citizen,No,Black or African American,2014-02-17,,N/A-StillEmployed,Active,Production,Webster Butler,16,LinkedIn,Fully Meets,4.0,4,0,2019-01-07,0,7,2014,2,17,February,Monday,Low Salary,0,1,1,Carl,,Desimone,Webster,,Butler
89,Ferguson  Susan,10189,1,1,0,5,5,3,0,57748,1,19,Production Technician I,MA,2176,1955-04-14,F,Married,US Citizen,No,White,2011-11-07,2016-05-17,military,Voluntarily Terminated,Production,Webster Butler,39,Google Search,Fully Meets,3.13,3,0,2016-02-04,0,16,2011,11,7,November,Monday,Low Salary,0,1,1,Tommy,,DeVito,Webster,,Butler
90,Fernandes  Nilson,10308,1,1,1,1,5,1,0,64057,0,19,Production Technician I,MA,2132,1989-10-18,M,Married,US Citizen,No,White,2015-05-11,,N/A-StillEmployed,Active,Production,Amy Dunn,11,Indeed,PIP,1.56,5,0,2019-01-03,6,15,2015,5,11,May,Monday,Low Salary,0,3,1,Geoff,,Dickinson,Amy,,Dunn
91,Fett  Boba,10309,0,0,1,1,3,1,0,53366,0,15,Network Engineer,MA,2138,1987-06-18,M,Single,US Citizen,No,White,2015-03-30,,N/A-StillEmployed,Active,IT/IS,Peter Monroe,7,LinkedIn,PIP,1.2,3,6,2019-02-04,3,2,2015,3,30,March,Monday,Low Salary,0,3,1,Jenna,,Dietrich,Peter,,Monroe
92,Fidelia   Libby,10049,1,1,0,1,5,3,0,58530,0,19,Production Technician I,MA,2155,1981-03-16,F,Married,US Citizen,No,White,2012-01-09,,N/A-StillEmployed,Active,Production,Brannon Miller,12,Google Search,Fully Meets,5.0,5,0,2019-01-29,0,19,2012,1,9,January,Monday,Low Salary,0,1,1,Lily,,DiNocco,Brannon,,Miller
93,Fitzpatrick  Michael  J,10093,0,0,1,5,5,3,0,72609,1,20,Production Technician II,MA,2143,1981-10-01,M,Single,US Citizen,Yes,White,2011-05-16,2013-06-24,hours,Voluntarily Terminated,Production,Amy Dunn,11,Google Search,Fully Meets,4.76,5,0,2013-04-05,0,20,2011,5,16,May,Monday,Medium Salary,1,1,1,Denisa, S,Dobrin,Amy,,Dunn
94,Foreman  Tanya,10163,1,1,0,5,5,3,0,55965,1,20,Production Technician II,MA,2170,1983-11-08,F,Married,US Citizen,No,White,2011-04-04,2013-01-09,career change,Voluntarily Terminated,Production,Ketsia Liebig,19,Google Search,Fully Meets,3.66,3,0,2012-01-07,0,6,2011,4,4,April,Monday,Low Salary,0,1,1,Linda,,Dolan,Ketsia,,Liebig
95,Forrest  Alex,10305,1,1,1,1,6,3,0,70187,1,3,Area Sales Manager,MA,2330,1975-07-07,M,Married,US Citizen,No,White,2014-09-29,2018-08-19,Fatal attraction,Terminated for Cause,Sales,Lynn Daneault,21,Employee Referral,PIP,2.0,5,0,2019-01-28,4,7,2014,9,29,September,Monday,Medium Salary,1,3,1,Eric,,Dougall,Lynn,,Daneault
96,Foss  Jason,10015,0,0,1,1,3,4,0,178000,0,12,IT Director,MA,1460,1980-07-05,M,Single,US Citizen,No,Black or African American,2011-04-15,,N/A-StillEmployed,Active,IT/IS,Jennifer Zamora,5,Indeed,Exceeds,5.0,5,5,2019-01-07,0,15,2011,4,15,April,Friday,High Salary,2,0,5,Elle,,Driver,Jennifer,,Zamora
97,Foster-Baker  Amy,10080,1,1,0,1,1,3,0,99351,0,26,Sr. Accountant,MA,2050,1979-04-16,F,Married,US Citizen,no,White,2009-01-05,,N/A-StillEmployed,Active,Admin Offices,Board of Directors,9,Other,Fully Meets,5.0,3,2,2019-02-08,0,3,2009,1,5,January,Monday,Medium Salary,1,1,1,Amy,,Dunn,Board,of,Directors
98,Fraval  Maruk,10258,0,0,1,1,6,3,0,67251,0,3,Area Sales Manager,CT,6050,1963-08-28,M,Single,US Citizen,No,Black or African American,2011-09-06,,N/A-StillEmployed,Active,Sales,Lynn Daneault,21,CareerBuilder,Fully Meets,4.3,3,0,2019-01-27,2,7,2011,9,6,September,Tuesday,Low Salary,0,1,0,Amy,,Dunne,Lynn,,Daneault
99,Galia  Lisa,10273,0,0,0,1,3,3,0,65707,0,14,IT Support,CT,6040,1968-07-06,F,Single,US Citizen,No,White,2010-05-01,,N/A-StillEmployed,Active,IT/IS,Eric Dougall,6,LinkedIn,Fully Meets,4.7,4,5,2019-02-01,0,1,2010,5,1,May,Saturday,Low Salary,0,1,6,Marianne,,Eaton,Eric,,Dougall
100,Garcia  Raul,10111,0,0,1,1,5,3,0,52249,0,19,Production Technician I,MA,1905,1985-09-15,M,Single,US Citizen,Yes,White,2015-03-30,,N/A-StillEmployed,Active,Production,David Stanley,14,Employee Referral,Fully Meets,4.5,3,0,2019-02-18,0,5,2015,3,30,March,Monday,Low Salary,0,1,1,Jean,,Engdahl,David,,Stanley
101,Gaul  Barbara,10257,0,0,0,1,5,3,0,53171,0,19,Production Technician I,MA,2121,1983-12-02,F,Single,US Citizen,Yes,Black or African American,2011-05-16,,N/A-StillEmployed,Active,Production,Kelley Spirea,18,LinkedIn,Fully Meets,4.2,4,0,2019-02-26,0,12,2011,5,16,May,Monday,Low Salary,0,1,1,Rex,,England,Kelley,,Spirea
102,Gentry  Mildred,10159,1,1,0,1,5,3,0,51337,0,19,Production Technician I,MA,2145,1990-10-01,F,Married,US Citizen,No,Black or African American,2015-03-30,,N/A-StillEmployed,Active,Production,Michael Albert,22,LinkedIn,Fully Meets,3.73,3,0,2019-01-16,0,19,2015,3,30,March,Monday,Low Salary,0,1,1,Angela,,Erilus,Michael,,Albert
103,Gerke  Melisa,10122,0,2,0,5,5,3,1,51505,1,19,Production Technician I,MA,2330,1970-05-15,F,Divorced,US Citizen,No,Black or African American,2011-11-07,2016-11-15,hours,Voluntarily Terminated,Production,Elijiah Gray,16,Diversity Job Fair,Fully Meets,4.24,4,0,2016-04-29,0,2,2011,11,7,November,Monday,Low Salary,0,1,1,Miguel,,Estremera,Elijiah,,Gray
104,Gill  Whitney,10142,0,4,0,4,6,3,0,59370,1,3,Area Sales Manager,OH,43050,1971-07-10,F,Widowed,US Citizen,No,Black or African American,2014-07-07,2015-09-05,attendance,Terminated for Cause,Sales,John Smith,17,CareerBuilder,Fully Meets,3.97,4,0,2014-01-15,0,7,2014,7,7,July,Monday,Low Salary,0,1,1,April,,Evensen,John,,Smith
105,Gilles  Alex,10283,1,1,1,5,5,2,1,54933,1,19,Production Technician I,MA,2062,1974-08-09,M,Married,US Citizen,No,Black or African American,2012-04-02,2015-06-25,military,Voluntarily Terminated,Production,Webster Butler,39,Diversity Job Fair,Needs Improvement,3.97,4,0,2015-01-20,3,15,2012,4,2,April,Monday,Low Salary,0,2,1,Susan,,Exantus,Webster,,Butler
106,Girifalco  Evelyn,10018,0,0,0,1,5,4,0,57815,0,19,Production Technician I,MA,2451,1980-05-08,F,Single,US Citizen,Yes,Two or more races,2014-09-29,,N/A-StillEmployed,Active,Production,Amy Dunn,11,Indeed,Exceeds,3.9,4,0,2019-02-07,0,3,2014,9,29,September,Monday,Low Salary,0,0,1,Megan,,Faller,Amy,,Dunn
107,Givens  Myriam,10255,0,0,0,1,6,3,0,61555,0,3,Area Sales Manager,IN,46204,1989-09-22,F,Single,US Citizen,No,White,2015-02-16,,N/A-StillEmployed,Active,Sales,Lynn Daneault,21,Indeed,Fully Meets,4.5,5,0,2019-01-25,0,20,2015,2,16,February,Monday,Low Salary,0,1,1,Nicole,,Fancett,Lynn,,Daneault
108,Goble  Taisha,10246,0,0,0,4,3,3,0,114800,1,8,Database Administrator,MA,2127,1971-10-23,F,Single,US Citizen,No,White,2015-02-16,2015-03-15,"no-call, no-show",Terminated for Cause,IT/IS,Simon Roup,4,Indeed,Fully Meets,4.6,4,4,2015-01-20,0,10,2015,2,16,February,Monday,Medium Salary,1,1,1,Susan,,Ferguson,Simon,,Roup
109,Goeth  Amon,10228,1,1,1,1,3,3,0,74679,0,14,IT Support,MA,2135,1989-11-24,M,Married,US Citizen,Yes,White,2015-03-30,,N/A-StillEmployed,Active,IT/IS,Peter Monroe,7,LinkedIn,Fully Meets,4.3,5,7,2019-01-10,0,20,2015,3,30,March,Monday,Medium Salary,1,1,1,Nilson,,Fernandes,Peter,,Monroe
110,Gold  Shenice,10243,0,0,0,1,5,3,0,53018,0,19,Production Technician I,MA,2451,1992-06-18,F,Single,US Citizen,Yes,White,2013-11-11,,N/A-StillEmployed,Active,Production,Ketsia Liebig,19,Indeed,Fully Meets,4.3,5,0,2019-02-18,0,7,2013,11,11,November,Monday,Low Salary,0,1,1,Boba,,Fett,Ketsia,,Liebig
111,Gonzalez  Cayo,10031,0,2,1,1,5,4,1,59892,0,19,Production Technician I,MA,2108,1969-09-29,M,Divorced,US Citizen,No,Black or African American,2011-07-11,,N/A-StillEmployed,Active,Production,Brannon Miller,12,Diversity Job Fair,Exceeds,4.5,4,0,2019-02-18,0,1,2011,7,11,July,Monday,Low Salary,0,0,1,Libby,,Fidelia,Brannon,,Miller
112,Gonzalez  Juan,10300,1,1,1,5,5,1,1,68898,1,20,Production Technician II,MA,2128,1964-10-12,M,Married,US Citizen,No,Black or African American,2010-04-26,2011-05-30,career change,Voluntarily Terminated,Production,Brannon Miller,12,Diversity Job Fair,PIP,3.0,3,0,2011-03-06,3,10,2010,4,26,April,Monday,Low Salary,0,3,1,Michael, J,Fitzpatrick,Brannon,,Miller
113,Gonzalez  Maria,10101,0,3,0,1,3,3,0,61242,0,14,IT Support,MA,2472,1981-04-16,F,Separated,US Citizen,Yes,White,2015-01-05,,N/A-StillEmployed,Active,IT/IS,Peter Monroe,7,Employee Referral,Fully Meets,4.61,4,5,2019-01-28,0,11,2015,1,5,January,Monday,Low Salary,0,1,1,Tanya,,Foreman,Peter,,Monroe
114,Good  Susan,10237,1,1,0,3,5,3,0,66825,0,20,Production Technician II,MA,1886,1986-05-25,F,Married,US Citizen,No,White,2014-05-12,,N/A-StillEmployed,Active,Production,David Stanley,14,LinkedIn,Fully Meets,4.6,3,0,2019-02-07,0,20,2014,5,12,May,Monday,Low Salary,0,1,1,Alex,,Forrest,David,,Stanley
115,Gordon  David,10051,1,1,1,1,5,3,0,48285,0,19,Production Technician I,MA,2169,1979-05-21,M,Married,US Citizen,No,White,2012-07-02,,N/A-StillEmployed,Active,Production,David Stanley,14,LinkedIn,Fully Meets,5.0,3,0,2019-01-14,0,2,2012,7,2,July,Monday,Low Salary,0,1,1,Jason,,Foss,David,,Stanley
116,Gosciminski  Phylicia,10218,0,3,0,3,5,3,0,66149,0,20,Production Technician II,MA,1824,1983-12-08,F,Separated,US Citizen,No,American Indian or Alaska Native,2013-09-30,,N/A-StillEmployed,Active,Production,Kissy Sullivan,20,Google Search,Fully Meets,4.4,5,0,2019-02-21,0,1,2013,9,30,September,Monday,Low Salary,0,1,1,Amy,,Foster-Baker,Kissy,,Sullivan
117,Goyal  Roxana,10256,1,1,0,3,5,3,0,49256,0,19,Production Technician I,MA,1864,1974-10-09,F,Married,US Citizen,No,Asian,2013-08-19,,N/A-StillEmployed,Active,Production,Kissy Sullivan,20,LinkedIn,Fully Meets,4.1,5,0,2019-02-15,0,3,2013,8,19,August,Monday,Low Salary,0,1,1,Maruk,,Fraval,Kissy,,Sullivan
118,Gray  Elijiah,10098,0,2,1,1,5,3,0,62957,0,18,Production Manager,MA,1752,1981-07-11,M,Divorced,US Citizen,No,White,2015-06-02,,N/A-StillEmployed,Active,Production,Janet King,2,Employee Referral,Fully Meets,4.63,3,0,2019-01-04,0,2,2015,6,2,June,Tuesday,Low Salary,0,1,0,Lisa,,Galia,Janet,,King
119,Gross  Paula,10059,0,2,0,5,5,3,0,63813,1,19,Production Technician I,MA,2176,1983-05-21,F,Divorced,US Citizen,No,White,2011-02-21,2014-01-11,more money,Voluntarily Terminated,Production,Kelley Spirea,18,CareerBuilder,Fully Meets,5.0,5,0,2013-06-03,0,17,2011,2,21,February,Monday,Low Salary,0,1,1,Raul,,Garcia,Kelley,,Spirea
120,Gruber  Hans,10234,1,1,1,1,3,3,0,99020,0,4,BI Developer,MA,2134,1989-06-30,M,Married,US Citizen,No,Black or African American,2017-04-20,,N/A-StillEmployed,Active,IT/IS,Brian Champaigne,13,Indeed,Fully Meets,4.2,5,5,2019-01-28,0,8,2017,4,20,April,Thursday,Medium Salary,1,1,2,Barbara,,Gaul,Brian,,Champaigne
121,Guilianno  Mike,10109,0,0,1,5,6,3,0,71707,1,3,Area Sales Manager,TN,37129,1969-02-09,M,Single,US Citizen,No,Two or more races,2012-03-07,2014-10-31,relocation out of area,Voluntarily Terminated,Sales,John Smith,17,LinkedIn,Fully Meets,4.5,5,0,2013-02-01,0,20,2012,3,7,March,Wednesday,Medium Salary,1,1,3,Mildred,,Gentry,John,,Smith
122,Handschiegl  Joanne,10125,1,1,0,1,5,3,0,54828,0,19,Production Technician I,MA,2127,1977-03-23,F,Married,US Citizen,No,White,2011-11-28,,N/A-StillEmployed,Active,Production,Michael Albert,22,Google Search,Fully Meets,4.2,4,0,2019-02-22,0,13,2011,11,28,November,Monday,Low Salary,0,1,1,Melisa,,Gerke,Michael,,Albert
123,Hankard  Earnest,10074,0,0,1,1,5,3,0,64246,0,20,Production Technician II,MA,2155,1988-08-10,M,Single,US Citizen,Yes,White,2013-11-11,,N/A-StillEmployed,Active,Production,Kelley Spirea,18,LinkedIn,Fully Meets,5.0,3,0,2019-01-08,0,20,2013,11,11,November,Monday,Low Salary,0,1,1,Whitney,,Gill,Kelley,,Spirea
124,Harrington  Christie,10097,0,0,0,5,5,3,0,52177,1,19,Production Technician I,MA,2324,1952-08-18,F,Single,US Citizen,No,White,2012-01-09,2015-12-15,retiring,Voluntarily Terminated,Production,Webster Butler,39,CareerBuilder,Fully Meets,4.64,4,0,2015-05-02,0,8,2012,1,9,January,Monday,Low Salary,0,1,1,Alex,,Gilles,Webster,,Butler
125,Harrison  Kara,10007,1,1,0,1,5,4,0,62065,0,19,Production Technician I,MA,1886,1974-05-02,F,Married,US Citizen,No,White,2014-05-12,,N/A-StillEmployed,Active,Production,Amy Dunn,11,CareerBuilder,Exceeds,4.76,4,0,2019-02-15,0,5,2014,5,12,May,Monday,Low Salary,0,0,1,Evelyn,,Girifalco,Amy,,Dunn
126,Heitzman  Anthony,10129,0,0,1,1,5,3,0,46998,0,19,Production Technician I,MA,2149,1984-01-04,M,Single,US Citizen,No,White,2012-08-13,,N/A-StillEmployed,Active,Production,Ketsia Liebig,19,Google Search,Fully Meets,4.17,4,0,2019-02-11,0,1,2012,8,13,August,Monday,Low Salary,0,1,1,Myriam,,Givens,Ketsia,,Liebig
127,Hendrickson  Trina,10075,0,0,0,5,5,3,0,68099,1,20,Production Technician II,MA,2021,1972-08-27,F,Single,US Citizen,No,White,2011-01-10,2013-06-18,hours,Voluntarily Terminated,Production,Kelley Spirea,18,CareerBuilder,Fully Meets,5.0,3,0,2013-01-30,0,15,2011,1,10,January,Monday,Low Salary,0,1,1,Taisha,,Goble,Kelley,,Spirea
128,Hitchcock  Alfred,10167,1,1,1,1,6,3,0,70545,0,3,Area Sales Manager,NH,3062,1988-09-14,M,Married,US Citizen,No,American Indian or Alaska Native,2014-08-18,,N/A-StillEmployed,Active,Sales,John Smith,17,Indeed,Fully Meets,3.6,5,0,2019-01-30,0,9,2014,8,18,August,Monday,Medium Salary,1,1,1,Amon,,Goeth,John,,Smith
129,Homberger  Adrienne  J,10195,1,1,0,5,5,3,0,63478,1,20,Production Technician II,MA,2445,1984-02-16,F,Married,Non-Citizen,No,White,2011-08-15,2012-04-07,relocation out of area,Voluntarily Terminated,Production,Michael Albert,30,Indeed,Fully Meets,3.03,5,0,2012-03-05,0,16,2011,8,15,August,Monday,Low Salary,0,1,1,Shenice,,Gold,Michael,,Albert
130,Horton  Jayne,10112,0,0,0,1,3,3,0,97999,0,8,Database Administrator,MA,2493,1984-02-21,F,Single,US Citizen,No,White,2015-03-30,,N/A-StillEmployed,Active,IT/IS,Simon Roup,4,Indeed,Fully Meets,4.48,5,6,2019-01-03,0,4,2015,3,30,March,Monday,Medium Salary,1,1,1,Cayo,,Gonzalez,Simon,,Roup
131,Houlihan  Debra,10272,1,1,0,1,6,3,0,180000,0,11,Director of Sales,RI,2908,1966-03-17,F,Married,US Citizen,No,White,2014-05-05,,N/A-StillEmployed,Active,Sales,Janet King,2,LinkedIn,Fully Meets,4.5,4,0,2019-01-21,0,19,2014,5,5,May,Monday,High Salary,2,1,1,Juan,,Gonzalez,Janet,,King
132,Howard  Estelle,10182,1,1,0,1,1,3,0,49920,1,2,Administrative Assistant,MA,2170,1985-09-16,F,Married,US Citizen,No,Black or African American,2015-02-16,2015-04-15,"no-call, no-show",Terminated for Cause,Admin Offices,Brandon R. LeBlanc,1,Indeed,Fully Meets,3.24,3,4,2015-04-15,0,6,2015,2,16,February,Monday,Low Salary,0,1,1,Maria,,Gonzalez,Brandon,R.,LeBlanc
133,Hudson  Jane,10248,0,0,0,1,5,3,0,55425,0,19,Production Technician I,MA,2176,1986-06-10,F,Single,US Citizen,No,White,2012-02-20,,N/A-StillEmployed,Active,Production,Ketsia Liebig,19,LinkedIn,Fully Meets,4.8,4,0,2019-01-07,0,4,2012,2,20,February,Monday,Low Salary,0,1,1,Susan,,Good,Ketsia,,Liebig
134,Hunts  Julissa,10201,0,0,0,2,5,3,0,69340,0,20,Production Technician II,MA,2021,1984-03-11,F,Single,US Citizen,No,White,2016-06-06,,N/A-StillEmployed,Active,Production,Elijiah Gray,16,LinkedIn,Fully Meets,3.0,5,0,2019-01-18,0,4,2016,6,6,June,Monday,Low Salary,0,1,1,David,,Gordon,Elijiah,,Gray
135,Hutter  Rosalie,10214,0,3,0,2,5,3,0,64995,0,20,Production Technician II,MA,2351,1992-05-07,F,Separated,US Citizen,No,White,2015-06-05,,N/A-StillEmployed,Active,Production,Webster Butler,16,Indeed,Fully Meets,4.5,3,0,2019-02-14,0,6,2015,6,5,June,Friday,Low Salary,0,1,5,Phylicia,,Gosciminski,Webster,,Butler
136,Huynh  Ming,10160,0,2,0,5,5,3,0,68182,1,20,Production Technician II,MA,1742,1976-09-22,F,Divorced,US Citizen,No,White,2011-02-21,2013-04-01,unhappy,Voluntarily Terminated,Production,Amy Dunn,11,Google Search,Fully Meets,3.72,3,0,2013-02-01,0,18,2011,2,21,February,Monday,Low Salary,0,1,1,Roxana,,Goyal,Amy,,Dunn
137,Immediato  Walter,10289,1,1,1,5,5,2,0,83082,1,18,Production Manager,MA,2128,1976-11-15,M,Married,US Citizen,No,Asian,2011-02-21,2012-09-24,unhappy,Voluntarily Terminated,Production,Janet King,2,Indeed,Needs Improvement,2.34,2,0,2012-04-12,3,4,2011,2,21,February,Monday,Medium Salary,1,2,1,Elijiah,,Gray,Janet,,King
138,Ivey  Rose,10139,0,0,0,1,5,3,0,51908,0,19,Production Technician I,MA,1775,1991-01-28,F,Single,US Citizen,No,White,2013-08-19,,N/A-StillEmployed,Active,Production,Brannon Miller,12,Indeed,Fully Meets,3.99,3,0,2019-01-14,0,14,2013,8,19,August,Monday,Low Salary,0,1,1,Paula,,Gross,Brannon,,Miller
139,Jackson  Maryellen,10227,0,0,0,1,5,3,0,61242,0,19,Production Technician I,MA,2081,1972-09-11,F,Single,US Citizen,No,Black or African American,2012-11-05,,N/A-StillEmployed,Active,Production,David Stanley,14,LinkedIn,Fully Meets,4.1,3,0,2019-01-17,0,7,2012,11,5,November,Monday,Low Salary,0,1,1,Hans,,Gruber,David,,Stanley
140,Jacobi  Hannah,10236,0,2,0,1,5,3,0,45069,0,19,Production Technician I,MA,1778,1966-03-22,F,Divorced,US Citizen,No,White,2013-09-30,,N/A-StillEmployed,Active,Production,Kissy Sullivan,20,Employee Referral,Fully Meets,4.3,5,0,2019-02-22,0,7,2013,9,30,September,Monday,Low Salary,0,1,1,Mike,,Guilianno,Kissy,,Sullivan
141,Jeannite  Tayana,10009,0,2,0,1,5,4,0,60724,0,20,Production Technician II,MA,1821,1986-11-06,F,Divorced,US Citizen,No,American Indian or Alaska Native,2011-07-05,,N/A-StillEmployed,Active,Production,Ketsia Liebig,19,LinkedIn,Exceeds,4.6,4,0,2019-02-25,0,11,2011,7,5,July,Tuesday,Low Salary,0,0,0,Joanne,,Handschiegl,Ketsia,,Liebig
142,Jhaveri  Sneha,10060,0,3,0,1,5,3,0,60436,0,19,Production Technician I,MA,2109,1964-04-13,F,Separated,US Citizen,No,White,2014-01-06,,N/A-StillEmployed,Active,Production,Kelley Spirea,18,LinkedIn,Fully Meets,5.0,5,0,2019-01-21,0,9,2014,1,6,January,Monday,Low Salary,0,1,1,Earnest,,Hankard,Kelley,,Spirea
143,Johnson  George,10034,1,1,1,5,5,4,0,46837,1,19,Production Technician I,MA,2445,1959-08-19,M,Married,US Citizen,No,White,2011-11-07,2018-04-29,more money,Voluntarily Terminated,Production,Michael Albert,22,CareerBuilder,Exceeds,4.7,4,0,2018-02-14,0,9,2011,11,7,November,Monday,Low Salary,0,0,1,Christie,,Harrington,Michael,,Albert
144,Johnson  Noelle,10156,1,1,0,3,3,3,0,105700,0,8,Database Administrator,MA,2301,1986-11-07,F,Married,US Citizen,No,Asian,2015-01-05,,N/A-StillEmployed,Active,IT/IS,Simon Roup,4,Indeed,Fully Meets,3.75,3,5,2019-02-11,0,2,2015,1,5,January,Monday,Medium Salary,1,1,1,Kara,,Harrison,Simon,,Roup
145,Johnston  Yen,10036,0,0,0,1,5,4,0,63322,0,20,Production Technician II,MA,2128,1969-09-08,F,Single,US Citizen,No,White,2014-07-07,,N/A-StillEmployed,Active,Production,Brannon Miller,12,LinkedIn,Exceeds,4.3,3,0,2019-01-11,0,1,2014,7,7,July,Monday,Low Salary,0,0,1,Anthony,,Heitzman,Brannon,,Miller
146,Jung  Judy,10138,1,1,0,5,5,3,0,61154,1,19,Production Technician I,MA,2446,1986-04-17,F,Married,US Citizen,No,Black or African American,2011-01-10,2016-04-01,unhappy,Voluntarily Terminated,Production,Elijiah Gray,16,CareerBuilder,Fully Meets,4.0,4,0,2016-02-03,0,4,2011,1,10,January,Monday,Low Salary,0,1,1,Trina,,Hendrickson,Elijiah,,Gray
147,Kampew  Donysha,10244,0,0,0,5,6,3,0,68999,1,21,Sales Manager,PA,19444,1989-11-11,F,Single,US Citizen,No,White,2011-11-07,2014-04-24,maternity leave - did not return,Voluntarily Terminated,Sales,Debra Houlihan,15,Google Search,Fully Meets,4.5,5,0,2013-03-30,0,2,2011,11,7,November,Monday,Low Salary,0,1,1,Alfred,,Hitchcock,Debra,,Houlihan
148,Keatts  Kramer,10192,0,0,1,1,5,3,0,50482,0,19,Production Technician I,MA,1887,1976-01-19,M,Single,US Citizen,No,White,2013-09-30,,N/A-StillEmployed,Active,Production,Michael Albert,22,Indeed,Fully Meets,3.07,4,0,2019-01-23,0,10,2013,9,30,September,Monday,Low Salary,0,1,1,Adrienne, J,Homberger,Michael,,Albert
149,Khemmich  Bartholemew,10231,0,0,1,1,6,3,0,65310,0,3,Area Sales Manager,CO,80820,1979-11-27,M,Single,US Citizen,No,White,2013-08-19,,N/A-StillEmployed,Active,Sales,Lynn Daneault,21,Indeed,Fully Meets,4.3,5,0,2019-01-22,0,13,2013,8,19,August,Monday,Low Salary,0,1,1,Jayne,,Horton,Lynn,,Daneault
150,King  Janet,10089,1,1,0,1,2,3,0,250000,0,16,President & CEO,MA,1902,1954-09-21,F,Married,US Citizen,Yes,White,2012-07-02,,N/A-StillEmployed,Active,Executive Office,Board of Directors,9,Indeed,Fully Meets,4.83,3,0,2019-01-17,0,10,2012,7,2,July,Monday,High Salary,2,1,1,Debra,,Houlihan,Board,of,Directors
151,Kinsella  Kathleen,10166,1,1,0,5,5,3,0,54005,1,19,Production Technician I,MA,2170,1973-12-08,F,Married,US Citizen,No,White,2011-09-26,2015-06-04,more money,Voluntarily Terminated,Production,Webster Butler,39,Google Search,Fully Meets,3.6,5,0,2015-03-01,0,16,2011,9,26,September,Monday,Low Salary,0,1,1,Estelle,,Howard,Webster,,Butler
152,Kirill  Alexandra,10170,1,1,0,5,5,3,0,45433,1,19,Production Technician I,MA,2127,1970-10-08,F,Married,US Citizen,No,White,2011-09-26,2014-01-09,more money,Voluntarily Terminated,Production,Amy Dunn,11,Google Search,Fully Meets,3.49,4,0,2013-01-30,0,6,2011,9,26,September,Monday,Low Salary,0,1,1,Jane,,Hudson,Amy,,Dunn
153,Knapp  Bradley  J,10208,0,0,1,1,5,3,0,46654,0,19,Production Technician I,MA,1721,1977-11-10,M,Single,US Citizen,No,Black or African American,2014-02-17,,N/A-StillEmployed,Active,Production,Ketsia Liebig,19,LinkedIn,Fully Meets,3.1,3,0,2019-02-06,0,3,2014,2,17,February,Monday,Low Salary,0,1,1,Julissa,,Hunts,Ketsia,,Liebig
154,Kretschmer  John,10176,1,1,1,1,5,3,0,63973,0,19,Production Technician I,MA,1801,1980-02-02,M,Married,US Citizen,No,Asian,2011-01-10,,N/A-StillEmployed,Active,Production,Brannon Miller,12,Indeed,Fully Meets,3.38,3,0,2019-01-21,0,17,2011,1,10,January,Monday,Low Salary,0,1,1,Rosalie,,Hutter,Brannon,,Miller
155,Kreuger  Freddy,10165,0,0,1,1,6,3,1,71339,0,3,Area Sales Manager,NY,10171,1969-02-24,M,Single,US Citizen,Yes,Black or African American,2011-03-07,,N/A-StillEmployed,Active,Sales,John Smith,17,Diversity Job Fair,Fully Meets,3.65,5,0,2019-01-17,0,20,2011,3,7,March,Monday,Medium Salary,1,1,1,Ming,,Huynh,John,,Smith
156,Lajiri   Jyoti,10113,1,1,1,3,3,3,0,93206,0,28,Sr. Network Engineer,MA,2169,1986-04-23,M,Married,US Citizen,No,White,2014-11-10,,N/A-StillEmployed,Active,IT/IS,Peter Monroe,7,Employee Referral,Fully Meets,4.46,5,6,2019-01-07,0,7,2014,11,10,November,Monday,Medium Salary,1,1,1,Walter,,Immediato,Peter,,Monroe
157,Landa  Hans,10092,1,1,1,4,5,3,0,82758,1,18,Production Manager,MA,1890,1972-07-01,M,Married,US Citizen,No,White,2011-01-10,2015-12-12,attendance,Terminated for Cause,Production,Janet King,2,Employee Referral,Fully Meets,4.78,4,0,2015-02-15,0,9,2011,1,10,January,Monday,Medium Salary,1,1,1,Rose,,Ivey,Janet,,King
158,Langford  Lindsey,10106,0,2,0,5,5,3,0,66074,1,20,Production Technician II,MA,2090,1979-07-25,F,Divorced,US Citizen,No,Asian,2013-01-07,2014-03-31,Another position,Voluntarily Terminated,Production,David Stanley,14,Indeed,Fully Meets,4.52,3,0,2014-02-20,0,20,2013,1,7,January,Monday,Low Salary,0,1,1,Maryellen,,Jackson,David,,Stanley
159,Langton  Enrico,10052,1,1,1,1,5,3,0,46120,0,19,Production Technician I,MA,2048,1986-12-09,M,Married,US Citizen,No,White,2012-07-09,,N/A-StillEmployed,Active,Production,David Stanley,14,LinkedIn,Fully Meets,5.0,5,0,2019-02-04,0,13,2012,7,9,July,Monday,Low Salary,0,1,1,Hannah,,Jacobi,David,,Stanley
160,LaRotonda  William,10038,0,2,1,1,1,3,0,64520,0,1,Accountant I,MA,1460,1984-04-26,M,Divorced,US Citizen,No,Black or African American,2014-01-06,,N/A-StillEmployed,Active,Admin Offices,Brandon R. LeBlanc,1,Website,Fully Meets,5.0,4,4,2019-01-17,0,3,2014,1,6,January,Monday,Low Salary,0,1,1,Tayana,,Jeannite,Brandon,R.,LeBlanc
161,Latif  Mohammed,10249,1,1,1,5,5,3,0,61962,1,20,Production Technician II,MA,2126,1984-05-09,M,Married,US Citizen,No,White,2012-04-02,2013-04-15,more money,Voluntarily Terminated,Production,Kissy Sullivan,20,Google Search,Fully Meets,4.9,3,0,2013-02-20,0,20,2012,4,2,April,Monday,Low Salary,0,1,1,Sneha,,Jhaveri,Kissy,,Sullivan
162,Le  Binh,10232,0,0,0,1,3,3,0,81584,0,22,Senior BI Developer,MA,1886,1987-06-14,F,Single,US Citizen,No,Asian,2016-10-02,,N/A-StillEmployed,Active,IT/IS,Brian Champaigne,13,Indeed,Fully Meets,4.1,5,7,2019-01-08,0,2,2016,10,2,October,Sunday,Medium Salary,1,1,4,George,,Johnson,Brian,,Champaigne
163,Leach  Dallas,10087,0,0,0,5,5,3,0,63676,1,19,Production Technician I,MA,1810,1979-01-17,F,Single,US Citizen,No,Asian,2011-09-26,2018-08-19,return to school,Voluntarily Terminated,Production,Kissy Sullivan,20,CareerBuilder,Fully Meets,4.88,3,0,2017-07-02,0,17,2011,9,26,September,Monday,Low Salary,0,1,1,Noelle,,Johnson,Kissy,,Sullivan
164,LeBlanc  Brandon  R,10134,1,1,1,1,1,3,0,93046,0,23,Shared Services Manager,MA,1460,1984-06-10,M,Married,US Citizen,No,White,2016-01-05,,N/A-StillEmployed,Active,Admin Offices,Janet King,2,CareerBuilder,Fully Meets,4.1,4,0,2019-01-28,0,20,2016,1,5,January,Tuesday,Medium Salary,1,1,0,Yen,,Johnston,Janet,,King
165,Lecter  Hannibal,10251,1,1,1,1,5,3,0,64738,0,19,Production Technician I,MA,1776,1982-09-02,M,Married,US Citizen,No,Asian,2012-05-14,,N/A-StillEmployed,Active,Production,Elijiah Gray,16,Google Search,Fully Meets,4.1,3,0,2019-02-22,0,10,2012,5,14,May,Monday,Low Salary,0,1,1,Judy,,Jung,Elijiah,,Gray
166,Leruth  Giovanni,10103,0,3,1,1,6,3,0,70468,0,3,Area Sales Manager,UT,84111,1988-12-27,M,Separated,US Citizen,No,Black or African American,2012-04-30,,N/A-StillEmployed,Active,Sales,John Smith,17,Website,Fully Meets,4.53,3,0,2019-01-29,0,16,2012,4,30,April,Monday,Medium Salary,1,1,1,Donysha,,Kampew,John,,Smith
167,Liebig  Ketsia,10017,1,1,0,1,5,4,0,77915,0,18,Production Manager,MA,2110,1981-10-26,F,Married,US Citizen,No,White,2013-09-30,,N/A-StillEmployed,Active,Production,Janet King,2,Website,Exceeds,4.1,3,0,2019-01-21,0,11,2013,9,30,September,Monday,Medium Salary,1,0,1,Kramer,,Keatts,Janet,,King
168,Linares  Marilyn,10186,1,1,0,5,5,3,0,52624,1,19,Production Technician I,MA,1886,1981-03-26,F,Married,US Citizen,No,White,2011-07-05,2018-09-26,unhappy,Voluntarily Terminated,Production,Michael Albert,22,Indeed,Fully Meets,3.18,4,0,2018-03-02,0,16,2011,7,5,July,Tuesday,Low Salary,0,1,0,Bartholemew,,Khemmich,Michael,,Albert
169,Linden  Mathew,10137,1,1,1,3,5,3,0,63450,0,20,Production Technician II,MA,1770,1979-03-19,M,Married,US Citizen,No,White,2013-07-08,,N/A-StillEmployed,Active,Production,Kelley Spirea,18,LinkedIn,Fully Meets,4.0,3,0,2019-02-18,0,7,2013,7,8,July,Monday,Low Salary,0,1,1,Janet,,King,Kelley,,Spirea
170,Lindsay  Leonara,10008,0,0,0,1,3,4,1,51777,0,14,IT Support,CT,6070,1988-10-05,F,Single,US Citizen,Yes,Black or African American,2011-01-21,,N/A-StillEmployed,Active,IT/IS,Eric Dougall,6,Diversity Job Fair,Exceeds,4.64,4,5,2019-01-25,0,14,2011,1,21,January,Friday,Low Salary,0,0,5,Kathleen,,Kinsella,Eric,,Dougall
171,Lundy  Susan,10096,0,4,0,5,5,3,0,67237,1,20,Production Technician II,MA,2122,1976-12-26,F,Widowed,US Citizen,No,White,2013-07-08,2016-09-15,more money,Voluntarily Terminated,Production,Michael Albert,22,LinkedIn,Fully Meets,4.65,4,0,2016-06-10,0,15,2013,7,8,July,Monday,Low Salary,0,1,1,Alexandra,,Kirill,Michael,,Albert
172,Lunquist  Lisa,10035,0,0,0,1,5,4,0,73330,0,20,Production Technician II,MA,2324,1982-03-28,F,Single,US Citizen,No,Black or African American,2013-08-19,,N/A-StillEmployed,Active,Production,Elijiah Gray,16,Indeed,Exceeds,4.2,4,0,2019-02-12,0,19,2013,8,19,August,Monday,Medium Salary,1,0,1,Bradley, J,Knapp,Elijiah,,Gray
173,Lydon  Allison,10057,1,1,0,3,5,3,0,52057,0,19,Production Technician I,MA,2122,1975-10-22,F,Married,US Citizen,No,Black or African American,2015-02-16,,N/A-StillEmployed,Active,Production,Elijiah Gray,16,Website,Fully Meets,5.0,3,0,2019-01-23,0,6,2015,2,16,February,Monday,Low Salary,0,1,1,John,,Kretschmer,Elijiah,,Gray
174,Lynch  Lindsay,10004,0,0,0,5,5,4,1,47434,1,19,Production Technician I,MA,1844,1973-02-14,F,Single,US Citizen,Yes,Black or African American,2011-11-07,2015-11-14,Another position,Voluntarily Terminated,Production,Webster Butler,39,Diversity Job Fair,Exceeds,5.0,4,0,2015-02-02,0,17,2011,11,7,November,Monday,Low Salary,0,0,1,Freddy,,Kreuger,Webster,,Butler
175,MacLennan  Samuel,10191,0,4,1,5,5,3,0,52788,1,19,Production Technician I,MA,1938,1972-11-09,M,Widowed,US Citizen,No,White,2012-09-24,2017-09-26,hours,Voluntarily Terminated,Production,Amy Dunn,11,Indeed,Fully Meets,3.08,4,0,2017-04-01,0,18,2012,9,24,September,Monday,Low Salary,0,1,1,Jyoti,,Lajiri,Amy,,Dunn
176,Mahoney  Lauren,10219,0,0,0,1,5,3,0,45395,0,19,Production Technician I,MA,2189,1986-07-07,F,Single,US Citizen,No,White,2014-01-06,,N/A-StillEmployed,Active,Production,Ketsia Liebig,19,LinkedIn,Fully Meets,4.6,4,0,2019-02-26,0,14,2014,1,6,January,Monday,Low Salary,0,1,1,Hans,,Landa,Ketsia,,Liebig
177,Manchester  Robyn,10077,1,1,0,2,5,3,0,62385,0,20,Production Technician II,MA,2324,1976-08-25,F,Married,US Citizen,No,White,2016-05-11,,N/A-StillEmployed,Active,Production,Webster Butler,16,LinkedIn,Fully Meets,5.0,3,0,2019-01-21,0,4,2016,5,11,May,Wednesday,Low Salary,0,1,3,Lindsey,,Langford,Webster,,Butler
178,Mancuso  Karen,10073,1,1,0,5,5,3,0,68407,1,20,Production Technician II,MA,2176,1986-12-10,F,Married,US Citizen,No,Two or more races,2011-07-05,2012-08-19,Another position,Voluntarily Terminated,Production,Amy Dunn,11,LinkedIn,Fully Meets,5.0,4,0,2012-07-02,0,16,2011,7,5,July,Tuesday,Low Salary,0,1,0,Enrico,,Langton,Amy,,Dunn
179,Mangal  Debbie,10279,1,1,0,1,5,3,0,61349,0,19,Production Technician I,MA,2451,1974-11-07,F,Married,US Citizen,No,White,2013-11-11,,N/A-StillEmployed,Active,Production,Brannon Miller,12,LinkedIn,Fully Meets,4.1,3,0,2019-01-22,0,11,2013,11,11,November,Monday,Low Salary,0,1,1,William,,LaRotonda,Brannon,,Miller
180,Martin  Sandra,10110,0,0,0,1,4,3,0,105688,0,24,Software Engineer,MA,2135,1987-11-07,F,Single,US Citizen,No,Asian,2013-11-11,,N/A-StillEmployed,Active,Software Engineering,Alex Sweetwater,10,Google Search,Fully Meets,4.5,5,4,2019-01-14,0,14,2013,11,11,November,Monday,Medium Salary,1,1,1,Mohammed,,Latif,Alex,,Sweetwater
181,Maurice  Shana,10053,1,1,0,1,5,3,0,54132,0,19,Production Technician I,MA,2330,1977-11-22,F,Married,US Citizen,No,White,2011-05-31,,N/A-StillEmployed,Active,Production,David Stanley,14,Indeed,Fully Meets,5.0,4,0,2019-01-10,0,8,2011,5,31,May,Tuesday,Low Salary,0,1,0,Binh,,Le,David,,Stanley
182,Carthy  B'rigit,10076,0,0,0,1,5,3,0,55315,0,20,Production Technician II,MA,2149,1987-05-21,F,Single,US Citizen,No,Black or African American,2015-03-30,,N/A-StillEmployed,Active,Production,Ketsia Liebig,19,LinkedIn,Fully Meets,5.0,5,0,2019-02-07,0,16,2015,3,30,March,Monday,Low Salary,0,1,1,Dallas,,Leach,Ketsia,,Liebig
183,Mckenna  Sandy,10145,1,1,0,1,5,3,0,62810,0,19,Production Technician I,MA,2184,1987-01-07,F,Married,US Citizen,No,Black or African American,2013-01-07,,N/A-StillEmployed,Active,Production,Kissy Sullivan,20,CareerBuilder,Fully Meets,3.93,3,0,2019-01-30,0,20,2013,1,7,January,Monday,Low Salary,0,1,1,Brandon, R,LeBlanc,Kissy,,Sullivan
184,McKinzie  Jac,10202,1,1,1,2,6,3,0,63291,0,3,Area Sales Manager,TX,78789,1984-07-01,M,Married,US Citizen,No,Two or more races,2016-07-06,,N/A-StillEmployed,Active,Sales,Lynn Daneault,21,Website,Fully Meets,3.4,4,0,2019-01-29,0,7,2016,7,6,July,Wednesday,Low Salary,0,1,3,Hannibal,,Lecter,Lynn,,Daneault
185,Meads  Elizabeth,10128,0,0,0,5,5,3,1,62659,1,19,Production Technician I,MA,1760,1968-05-30,F,Single,US Citizen,No,Black or African American,2012-04-02,2016-11-11,Another position,Voluntarily Terminated,Production,Kelley Spirea,18,Diversity Job Fair,Fully Meets,4.18,4,0,2016-02-05,0,17,2012,4,2,April,Monday,Low Salary,0,1,1,Giovanni,,Leruth,Kelley,,Spirea
186,Medeiros  Jennifer,10068,0,0,0,1,5,3,0,55688,0,19,Production Technician I,MA,2346,1976-09-22,F,Single,US Citizen,No,White,2015-03-30,,N/A-StillEmployed,Active,Production,Michael Albert,22,CareerBuilder,Fully Meets,5.0,4,0,2019-01-21,0,10,2015,3,30,March,Monday,Low Salary,0,1,1,Ketsia,,Liebig,Michael,,Albert
187,Miller  Brannon,10116,0,0,1,1,5,3,0,83667,0,18,Production Manager,MA,2045,1981-08-10,M,Single,US Citizen,yes,Hispanic,2012-08-16,,N/A-StillEmployed,Active,Production,Janet King,2,Indeed,Fully Meets,4.37,3,0,2019-01-14,0,2,2012,8,16,August,Thursday,Medium Salary,1,1,2,Marilyn,,Linares,Janet,,King
188,Miller  Ned,10298,0,0,1,5,5,1,0,55800,1,20,Production Technician II,MA,2472,1985-06-29,M,Single,US Citizen,No,White,2011-08-15,2014-09-04,unhappy,Voluntarily Terminated,Production,Brannon Miller,12,LinkedIn,PIP,3.0,2,0,2013-01-14,6,6,2011,8,15,August,Monday,Low Salary,0,3,1,Mathew,,Linden,Brannon,,Miller
189,Monkfish  Erasumus,10213,1,1,1,1,5,3,0,58207,0,20,Production Technician II,MA,1450,1992-08-17,M,Married,US Citizen,No,White,2011-11-07,,N/A-StillEmployed,Active,Production,David Stanley,14,LinkedIn,Fully Meets,3.7,3,0,2019-01-08,0,14,2011,11,7,November,Monday,Low Salary,0,1,1,Leonara,,Lindsay,David,,Stanley
190,Monroe  Peter,10288,1,1,1,1,3,2,1,157000,0,13,IT Manager - Infra,MA,2134,1986-10-05,M,Married,Eligible NonCitizen,Yes,Black or African American,2012-02-15,,N/A-StillEmployed,Active,IT/IS,Jennifer Zamora,5,Diversity Job Fair,Needs Improvement,2.39,3,6,2019-02-22,4,13,2012,2,15,February,Wednesday,High Salary,2,2,3,Susan,,Lundy,Jennifer,,Zamora
191,Monterro  Luisa,10025,0,0,0,1,5,4,0,72460,0,20,Production Technician II,MA,2126,1970-04-24,F,Single,US Citizen,No,Black or African American,2013-05-13,,N/A-StillEmployed,Active,Production,Kissy Sullivan,20,Indeed,Exceeds,4.7,3,0,2019-01-14,0,1,2013,5,13,May,Monday,Medium Salary,1,0,1,Lisa,,Lunquist,Kissy,,Sullivan
192,Moran  Patrick,10223,0,0,1,3,5,3,1,72106,0,20,Production Technician II,MA,2127,1976-12-03,M,Single,US Citizen,No,Black or African American,2012-01-09,,N/A-StillEmployed,Active,Production,Kelley Spirea,18,Diversity Job Fair,Fully Meets,4.1,4,0,2019-01-31,0,12,2012,1,9,January,Monday,Medium Salary,1,1,1,Allison,,Lydon,Kelley,,Spirea
193,Morway  Tanya,10151,1,1,0,1,3,3,0,52599,0,15,Network Engineer,MA,2048,1979-04-04,F,Married,US Citizen,No,White,2015-02-16,,N/A-StillEmployed,Active,IT/IS,Peter Monroe,7,CareerBuilder,Fully Meets,3.81,3,6,2019-02-11,0,6,2015,2,16,February,Monday,Low Salary,0,1,1,Lindsay,,Lynch,Peter,,Monroe
194,Motlagh   Dawn,10254,0,2,0,1,5,3,0,63430,0,19,Production Technician I,MA,2453,1984-07-07,F,Divorced,US Citizen,No,White,2013-04-01,,N/A-StillEmployed,Active,Production,Elijiah Gray,16,LinkedIn,Fully Meets,4.4,4,0,2019-01-17,0,18,2013,4,1,April,Monday,Low Salary,0,1,1,Samuel,,MacLennan,Elijiah,,Gray
195,Moumanil  Maliki,10120,0,3,1,1,5,3,0,74417,0,20,Production Technician II,MA,1460,1974-12-01,M,Separated,US Citizen,No,Black or African American,2013-05-13,,N/A-StillEmployed,Active,Production,Michael Albert,22,LinkedIn,Fully Meets,4.29,5,0,2019-01-28,0,11,2013,5,13,May,Monday,Medium Salary,1,1,1,Lauren,,Mahoney,Michael,,Albert
196,Myers  Michael,10216,0,0,1,1,5,3,0,57575,0,19,Production Technician I,MA,1550,1980-04-18,M,Single,US Citizen,No,Asian,2013-07-08,,N/A-StillEmployed,Active,Production,Kissy Sullivan,20,LinkedIn,Fully Meets,4.1,4,0,2019-01-22,0,13,2013,7,8,July,Monday,Low Salary,0,1,1,Robyn,,Manchester,Kissy,,Sullivan
197,Navathe  Kurt,10079,0,0,1,1,3,3,0,87921,0,22,Senior BI Developer,MA,2056,1970-04-25,M,Single,US Citizen,No,Asian,2017-02-10,,N/A-StillEmployed,Active,IT/IS,Brian Champaigne,13,Indeed,Fully Meets,5.0,3,6,2019-02-25,0,17,2017,2,10,February,Friday,Medium Salary,1,1,5,Karen,,Mancuso,Brian,,Champaigne
198,Ndzi  Colombui,10215,0,0,1,5,5,3,1,50470,1,19,Production Technician I,MA,2110,1989-05-02,M,Single,US Citizen,No,Black or African American,2011-09-26,2014-04-04,return to school,Voluntarily Terminated,Production,Webster Butler,39,Diversity Job Fair,Fully Meets,4.3,3,0,2013-03-02,0,19,2011,9,26,September,Monday,Low Salary,0,1,1,Debbie,,Mangal,Webster,,Butler
199,Ndzi  Horia,10185,1,1,1,5,5,3,0,46664,1,19,Production Technician I,MA,2421,1983-03-28,M,Married,US Citizen,No,White,2013-04-01,2016-05-25,more money,Voluntarily Terminated,Production,Amy Dunn,11,Employee Referral,Fully Meets,3.18,3,0,2016-03-06,0,10,2013,4,1,April,Monday,Low Salary,0,1,1,Sandra,,Martin,Amy,,Dunn
200,Newman  Richard,10063,1,1,1,3,5,3,0,48495,0,19,Production Technician I,MA,2136,1977-04-08,M,Married,US Citizen,No,White,2014-05-12,,N/A-StillEmployed,Active,Production,Ketsia Liebig,19,LinkedIn,Fully Meets,5.0,5,0,2019-02-18,0,11,2014,5,12,May,Monday,Low Salary,0,1,1,Shana,,Maurice,Ketsia,,Liebig
201,Ngodup  Shari,10037,0,3,0,1,5,4,1,52984,0,19,Production Technician I,MA,1810,1967-06-03,F,Separated,US Citizen,No,Black or African American,2013-04-01,,N/A-StillEmployed,Active,Production,Brannon Miller,12,Diversity Job Fair,Exceeds,4.0,3,0,2019-02-13,0,12,2013,4,1,April,Monday,Low Salary,0,0,1,B'rigit,,Carthy,Brannon,,Miller
202,Nguyen  Dheepa,10042,0,0,0,1,6,3,0,63695,0,3,Area Sales Manager,GA,30428,1989-03-31,F,Single,US Citizen,No,Two or more races,2013-07-08,,N/A-StillEmployed,Active,Sales,Lynn Daneault,21,Indeed,Fully Meets,5.0,5,0,2019-01-25,0,2,2013,7,8,July,Monday,Low Salary,0,1,1,Sandy,,Mckenna,Lynn,,Daneault
203,Nguyen  Lei-Ming,10206,0,0,0,1,5,3,0,62061,0,19,Production Technician I,MA,2132,1984-07-07,F,Single,US Citizen,No,White,2013-07-08,,N/A-StillEmployed,Active,Production,David Stanley,14,LinkedIn,Fully Meets,3.6,5,0,2019-01-02,0,4,2013,7,8,July,Monday,Low Salary,0,1,1,Jac,,McKinzie,David,,Stanley
204,Nowlan  Kristie,10104,0,0,0,1,5,3,0,66738,0,20,Production Technician II,MA,1040,1985-11-23,F,Single,US Citizen,No,White,2014-11-10,,N/A-StillEmployed,Active,Production,Elijiah Gray,16,Indeed,Fully Meets,4.53,5,0,2019-01-16,0,5,2014,11,10,November,Monday,Low Salary,0,1,1,Elizabeth,,Meads,Elijiah,,Gray
205,O'hare  Lynn,10303,0,0,0,4,5,1,0,52674,1,19,Production Technician I,MA,2152,1980-09-30,F,Single,US Citizen,No,Two or more races,2014-03-31,2018-05-01,performance,Terminated for Cause,Production,Kissy Sullivan,20,LinkedIn,PIP,2.33,2,0,2018-03-09,6,3,2014,3,31,March,Monday,Low Salary,0,3,1,Jennifer,,Medeiros,Kissy,,Sullivan
206,Oliver  Brooke,10078,1,1,0,5,5,3,0,71966,1,20,Production Technician II,MA,2492,1952-02-11,F,Married,US Citizen,No,Asian,2012-05-14,2013-08-19,unhappy,Voluntarily Terminated,Production,Webster Butler,39,LinkedIn,Fully Meets,5.0,3,0,2013-07-02,0,17,2012,5,14,May,Monday,Medium Salary,1,1,1,Brannon,,Miller,Webster,,Butler
207,Onque  Jasmine,10121,0,0,0,1,6,3,0,63051,0,3,Area Sales Manager,FL,33174,1990-05-11,F,Single,US Citizen,Yes,White,2013-09-30,,N/A-StillEmployed,Active,Sales,Lynn Daneault,21,Indeed,Fully Meets,4.28,3,0,2019-01-25,0,1,2013,9,30,September,Monday,Low Salary,0,1,1,Ned,,Miller,Lynn,,Daneault
208,Osturnka  Adeel,10021,1,1,1,1,5,4,0,47414,0,19,Production Technician I,MA,2478,1976-12-11,M,Married,US Citizen,No,White,2013-09-30,,N/A-StillEmployed,Active,Production,Kelley Spirea,18,LinkedIn,Exceeds,5.0,3,0,2019-02-07,0,13,2013,9,30,September,Monday,Low Salary,0,0,1,Erasumus,,Monkfish,Kelley,,Spirea
209,Owad  Clinton,10281,0,0,1,1,5,2,0,53060,0,19,Production Technician I,MA,1760,1979-11-24,M,Single,US Citizen,No,Black or African American,2014-02-17,,N/A-StillEmployed,Active,Production,Michael Albert,22,LinkedIn,Needs Improvement,4.25,3,0,2019-02-04,4,6,2014,2,17,February,Monday,Low Salary,0,2,1,Peter,,Monroe,Michael,,Albert
210,Ozark  Travis,10041,0,0,1,1,6,3,0,68829,0,3,Area Sales Manager,NC,27229,1982-05-19,M,Single,US Citizen,No,White,2015-01-05,,N/A-StillEmployed,Active,Sales,John Smith,17,Website,Fully Meets,5.0,5,0,2019-01-14,0,18,2015,1,5,January,Monday,Low Salary,0,1,1,Luisa,,Monterro,John,,Smith
211,Panjwani  Nina,10148,1,1,0,5,5,3,0,63515,1,19,Production Technician I,MA,2351,1979-05-01,F,Married,US Citizen,No,White,2011-02-07,2014-01-12,Another position,Voluntarily Terminated,Production,Elijiah Gray,16,Google Search,Fully Meets,3.89,4,0,2013-03-04,0,7,2011,2,7,February,Monday,Low Salary,0,1,1,Patrick,,Moran,Elijiah,,Gray
212,Patronick  Lucas,10005,0,0,1,5,4,4,1,108987,1,24,Software Engineer,MA,1844,1979-02-20,M,Single,US Citizen,No,Black or African American,2011-11-07,2015-09-07,Another position,Voluntarily Terminated,Software Engineering,Alex Sweetwater,10,Diversity Job Fair,Exceeds,5.0,5,3,2015-08-16,0,13,2011,11,7,November,Monday,Medium Salary,1,0,1,Tanya,,Morway,Alex,,Sweetwater
213,Pearson  Randall,10259,1,1,1,5,3,3,0,93093,1,9,Data Analyst,MA,2747,1984-09-05,M,Married,US Citizen,No,White,2014-12-01,2016-05-01,performance,Voluntarily Terminated,IT/IS,Simon Roup,4,Employee Referral,Fully Meets,4.7,4,5,2016-01-16,0,19,2014,12,1,December,Monday,Medium Salary,1,1,1,Dawn,,Motlagh,Simon,,Roup
214,Smith  Martin,10286,0,0,1,5,5,2,0,53564,1,19,Production Technician I,MA,2458,1988-03-17,M,Single,US Citizen,No,Black or African American,2011-01-10,2017-12-28,career change,Voluntarily Terminated,Production,Webster Butler,39,Google Search,Needs Improvement,3.54,5,0,2017-04-06,4,15,2011,1,10,January,Monday,Low Salary,0,2,1,Maliki,,Moumanil,Webster,,Butler
215,Pelletier  Ermine,10297,1,1,0,5,5,2,0,60270,1,20,Production Technician II,MA,2472,1989-07-18,F,Married,US Citizen,No,Asian,2011-07-05,2015-09-15,unhappy,Voluntarily Terminated,Production,Amy Dunn,11,CareerBuilder,Needs Improvement,2.4,5,0,2015-02-06,5,2,2011,7,5,July,Tuesday,Low Salary,0,2,0,Michael,,Myers,Amy,,Dunn
216,Perry  Shakira,10171,0,0,0,5,5,3,0,45998,1,19,Production Technician I,MA,2176,1986-07-20,F,Single,US Citizen,No,White,2011-05-16,2015-10-25,medical issues,Voluntarily Terminated,Production,Amy Dunn,11,LinkedIn,Fully Meets,3.45,4,0,2014-05-13,0,5,2011,5,16,May,Monday,Low Salary,0,1,1,Kurt,,Navathe,Amy,,Dunn
217,Peters  Lauren,10032,1,1,0,5,5,4,0,57954,1,20,Production Technician II,MA,1886,1986-08-17,F,Married,US Citizen,No,White,2011-05-16,2013-02-04,more money,Voluntarily Terminated,Production,Ketsia Liebig,19,Indeed,Exceeds,4.2,5,0,2013-01-10,0,12,2011,5,16,May,Monday,Low Salary,0,0,1,Colombui,,Ndzi,Ketsia,,Liebig
218,Peterson  Ebonee,10130,1,1,0,5,5,3,0,74669,1,18,Production Manager,MA,2030,1977-05-09,F,Married,US Citizen,No,White,2010-10-25,2016-05-18,Another position,Voluntarily Terminated,Production,Janet King,2,Indeed,Fully Meets,4.16,5,0,2015-03-05,0,6,2010,10,25,October,Monday,Medium Salary,1,1,1,Horia,,Ndzi,Janet,,King
219,Petingill  Shana,10217,1,1,0,1,5,3,0,74226,0,20,Production Technician II,MA,2050,1979-03-10,F,Married,Eligible NonCitizen,No,Asian,2012-04-02,,N/A-StillEmployed,Active,Production,Brannon Miller,12,LinkedIn,Fully Meets,4.3,3,0,2019-01-14,0,14,2012,4,2,April,Monday,Medium Salary,1,1,1,Richard,,Newman,Brannon,,Miller
220,Petrowsky  Thelma,10016,1,1,0,1,3,4,0,93554,0,9,Data Analyst,MA,1886,1984-09-16,F,Married,US Citizen,No,Black or African American,2014-11-10,,N/A-StillEmployed,Active,IT/IS,Simon Roup,4,Employee Referral,Exceeds,4.6,5,7,2019-01-04,0,16,2014,11,10,November,Monday,Medium Salary,1,0,1,Shari,,Ngodup,Simon,,Roup
221,Pham  Hong,10050,1,1,1,5,5,3,0,64724,1,19,Production Technician I,MA,2451,1988-03-06,M,Married,US Citizen,No,Asian,2011-07-05,2012-11-30,more money,Voluntarily Terminated,Production,Brannon Miller,12,Google Search,Fully Meets,5.0,3,0,2012-02-20,0,13,2011,7,5,July,Tuesday,Low Salary,0,1,0,Dheepa,,Nguyen,Brannon,,Miller
222,Pitt  Brad,10164,0,0,1,1,5,3,0,47001,0,19,Production Technician I,MA,2451,1981-11-23,M,Single,US Citizen,No,White,2007-11-05,,N/A-StillEmployed,Active,Production,David Stanley,14,Google Search,Fully Meets,3.66,3,0,2019-02-25,0,15,2007,11,5,November,Monday,Low Salary,0,1,1,Lei-Ming,,Nguyen,David,,Stanley
223,Potts  Xana,10124,1,1,0,1,6,3,0,61844,0,3,Area Sales Manager,KY,40220,1988-08-29,F,Married,US Citizen,No,Black or African American,2012-01-09,,N/A-StillEmployed,Active,Sales,Lynn Daneault,21,Website,Fully Meets,4.2,5,0,2019-02-01,0,9,2012,1,9,January,Monday,Low Salary,0,1,1,Kristie,,Nowlan,Lynn,,Daneault
224,Power  Morissa,10187,0,2,0,5,5,3,0,46799,1,19,Production Technician I,MA,1742,1984-10-15,F,Divorced,Eligible NonCitizen,No,Asian,2011-05-16,2018-06-04,Another position,Voluntarily Terminated,Production,Kissy Sullivan,20,Google Search,Fully Meets,3.17,4,0,2018-04-02,0,14,2011,5,16,May,Monday,Low Salary,0,1,1,Lynn,,O'hare,Kissy,,Sullivan
225,Punjabhi  Louis,10225,0,0,1,1,5,3,0,59472,0,19,Production Technician I,MA,2109,1961-06-19,M,Single,US Citizen,No,White,2014-01-06,,N/A-StillEmployed,Active,Production,Kelley Spirea,18,Employee Referral,Fully Meets,4.8,3,0,2019-01-07,0,14,2014,1,6,January,Monday,Low Salary,0,1,1,Brooke,,Oliver,Kelley,,Spirea
226,Purinton  Janine,10262,0,2,0,5,5,3,0,46430,1,19,Production Technician I,MA,2474,1970-09-22,F,Divorced,US Citizen,No,White,2012-09-24,2013-06-18,unhappy,Voluntarily Terminated,Production,Kissy Sullivan,20,Indeed,Fully Meets,4.5,5,0,2013-04-02,0,16,2012,9,24,September,Monday,Low Salary,0,1,1,Jasmine,,Onque,Kissy,,Sullivan
227,Quinn  Sean,10131,1,1,1,5,1,3,1,83363,1,23,Software Engineer,MA,2045,1984-11-06,M,Married,Eligible NonCitizen,No,Black or African American,2011-02-21,2015-08-15,career change,Voluntarily Terminated,Software Engineering,Janet King,2,Diversity Job Fair,Fully Meets,4.15,4,0,2014-04-19,0,4,2011,2,21,February,Monday,Medium Salary,1,1,1,Adeel,,Osturnka,Janet,,King
228,Rachael  Maggie,10239,1,1,0,1,3,3,0,95920,0,4,BI Developer,MA,2110,1980-05-12,F,Married,US Citizen,No,Black or African American,2016-10-02,,N/A-StillEmployed,Active,IT/IS,Brian Champaigne,13,Indeed,Fully Meets,4.4,4,6,2019-02-06,0,10,2016,10,2,October,Sunday,Medium Salary,1,1,4,Clinton,,Owad,Brian,,Champaigne
229,Rarrick  Quinn,10152,0,2,1,5,5,3,0,61729,1,19,Production Technician I,MA,2478,1984-12-31,M,Divorced,US Citizen,No,White,2011-09-26,2018-04-07,more money,Voluntarily Terminated,Production,Michael Albert,22,Indeed,Fully Meets,3.8,5,0,2018-02-04,0,19,2011,9,26,September,Monday,Low Salary,0,1,1,Travis,,Ozark,Michael,,Albert
230,Ren  Kylo,10140,1,1,1,1,6,3,0,61809,0,3,Area Sales Manager,ID,83706,1954-10-12,M,Married,US Citizen,No,White,2014-05-12,,N/A-StillEmployed,Active,Sales,John Smith,17,CareerBuilder,Fully Meets,3.98,3,0,2019-01-28,0,4,2014,5,12,May,Monday,Low Salary,0,1,1,Nina,,Panjwani,John,,Smith
231,Rhoads  Thomas,10058,0,2,1,5,5,3,0,45115,1,19,Production Technician I,MA,2176,1982-07-22,M,Divorced,US Citizen,Yes,White,2011-05-16,2016-01-15,retiring,Voluntarily Terminated,Production,Elijiah Gray,16,LinkedIn,Fully Meets,5.0,4,0,2015-03-30,0,11,2011,5,16,May,Monday,Low Salary,0,1,1,Lucas,,Patronick,Elijiah,,Gray
232,Rivera  Haley,10011,1,1,0,1,5,4,0,46738,0,19,Production Technician I,MA,2171,1973-01-12,F,Married,US Citizen,No,Asian,2011-11-28,,N/A-StillEmployed,Active,Production,Webster Butler,16,Google Search,Exceeds,4.36,5,0,2019-02-11,0,16,2011,11,28,November,Monday,Low Salary,0,0,1,Randall,,Pearson,Webster,,Butler
233,Roberson  May,10230,0,2,0,5,5,3,0,64971,1,20,Production Technician II,MA,1902,1981-09-05,F,Divorced,Eligible NonCitizen,No,Black or African American,2011-09-26,2011-10-22,return to school,Voluntarily Terminated,Production,David Stanley,14,Google Search,Fully Meets,4.5,4,0,2011-10-22,0,10,2011,9,26,September,Monday,Low Salary,0,1,1,Martin,,Smith,David,,Stanley
234,Robertson  Peter,10224,1,1,1,5,5,3,0,55578,1,20,Production Technician II,MA,2138,1972-07-03,M,Married,US Citizen,No,White,2011-07-05,2012-02-08,Another position,Voluntarily Terminated,Production,Kissy Sullivan,20,Indeed,Fully Meets,4.2,5,0,2012-01-06,0,13,2011,7,5,July,Tuesday,Low Salary,0,1,0,Ermine,,Pelletier,Kissy,,Sullivan
235,Robinson  Alain,10047,1,1,1,5,5,3,0,50428,1,19,Production Technician I,MA,1420,1974-01-07,M,Married,US Citizen,No,Black or African American,2011-01-10,2016-01-26,attendance,Voluntarily Terminated,Production,Amy Dunn,11,Indeed,Fully Meets,5.0,3,0,2015-01-10,0,11,2011,1,10,January,Monday,Low Salary,0,1,1,Shakira,,Perry,Amy,,Dunn
236,Robinson  Cherly,10285,1,1,0,4,5,2,0,61422,1,19,Production Technician I,MA,1460,1985-01-07,F,Married,US Citizen,No,White,2011-01-10,2016-05-17,attendance,Terminated for Cause,Production,Ketsia Liebig,19,Indeed,Needs Improvement,3.6,3,0,2016-04-05,4,16,2011,1,10,January,Monday,Low Salary,0,2,1,Lauren,,Peters,Ketsia,,Liebig
237,Robinson  Elias,10020,0,4,1,1,5,4,0,63353,0,19,Production Technician I,MA,1730,1985-01-28,M,Widowed,US Citizen,No,White,2013-07-08,,N/A-StillEmployed,Active,Production,Brannon Miller,12,Employee Referral,Exceeds,3.6,5,0,2019-02-11,0,4,2013,7,8,July,Monday,Low Salary,0,0,1,Ebonee,,Peterson,Brannon,,Miller
238,Roby  Lori,10162,1,1,0,1,3,3,0,89883,0,9,Data Analyst,MA,1886,1981-10-11,F,Married,US Citizen,No,White,2015-02-16,,N/A-StillEmployed,Active,IT/IS,Simon Roup,4,Employee Referral,Fully Meets,3.69,5,6,2019-02-14,0,15,2015,2,16,February,Monday,Medium Salary,1,1,1,Shana,,Petingill,Simon,,Roup
239,Roehrich  Bianca,10149,0,0,0,5,3,3,0,120000,1,29,Principal Data Architect,MA,2703,1973-05-27,F,Single,US Citizen,Yes,White,2015-01-05,2018-11-10,Another position,Voluntarily Terminated,IT/IS,Simon Roup,4,LinkedIn,Fully Meets,3.88,3,7,2018-02-13,0,12,2015,1,5,January,Monday,Medium Salary,1,1,1,Thelma,,Petrowsky,Simon,,Roup
240,Roper  Katie,10086,0,0,0,1,3,3,0,150290,0,7,Data Architect,MA,2056,1972-11-21,F,Single,US Citizen,No,Black or African American,2017-01-07,,N/A-StillEmployed,Active,IT/IS,Brian Champaigne,13,Indeed,Fully Meets,4.94,3,5,2019-02-06,0,17,2017,1,7,January,Saturday,High Salary,2,1,6,Hong,,Pham,Brian,,Champaigne
241,Rose  Ashley,10054,0,3,0,1,5,3,0,60627,0,19,Production Technician I,MA,1886,1974-12-05,F,Separated,US Citizen,No,White,2014-01-06,,N/A-StillEmployed,Active,Production,David Stanley,14,Website,Fully Meets,5.0,4,0,2019-01-31,0,8,2014,1,6,January,Monday,Low Salary,0,1,1,Brad,,Pitt,David,,Stanley
242,Rossetti  Bruno,10065,0,0,1,5,5,3,0,53180,1,19,Production Technician I,MA,2155,1987-03-18,M,Single,US Citizen,No,White,2011-04-04,2018-08-13,Another position,Voluntarily Terminated,Production,Kissy Sullivan,20,Google Search,Fully Meets,5.0,5,0,2018-07-02,0,4,2011,4,4,April,Monday,Low Salary,0,1,1,Xana,,Potts,Kissy,,Sullivan
243,Roup Simon,10198,0,0,1,1,3,3,0,140920,0,13,IT Manager - DB,MA,2481,1973-04-05,M,Single,US Citizen,No,White,2013-01-20,,N/A-StillEmployed,Active,IT/IS,Jennifer Zamora,5,Indeed,Fully Meets,3.6,5,7,2019-02-18,0,13,2013,1,20,January,Sunday,Medium Salary,1,1,4,Morissa,,Power,Jennifer,,Zamora
244,Ruiz  Ricardo,10222,0,2,1,5,3,3,1,148999,1,13,IT Manager - DB,MA,1915,1964-01-04,M,Divorced,US Citizen,No,Black or African American,2012-01-09,2015-11-04,hours,Voluntarily Terminated,IT/IS,Jennifer Zamora,5,Diversity Job Fair,Fully Meets,4.3,4,6,2015-01-04,0,8,2012,1,9,January,Monday,Medium Salary,1,1,1,Louis,,Punjabhi,Jennifer,,Zamora
245,Saada  Adell,10126,1,1,0,1,4,3,0,86214,0,24,Software Engineer,MA,2132,1986-07-24,F,Married,US Citizen,No,White,2012-11-05,,N/A-StillEmployed,Active,Software Engineering,Alex Sweetwater,10,Indeed,Fully Meets,4.2,3,6,2019-02-13,0,2,2012,11,5,November,Monday,Medium Salary,1,1,1,Janine,,Purinton,Alex,,Sweetwater
246,Saar-Beckles  Melinda,10295,0,0,0,2,5,2,1,47750,0,19,Production Technician I,MA,1801,1968-06-06,F,Single,US Citizen,No,Black or African American,2016-07-04,,N/A-StillEmployed,Active,Production,Kelley Spirea,18,Diversity Job Fair,Needs Improvement,2.6,4,0,2019-02-18,5,4,2016,7,4,July,Monday,Low Salary,0,2,1,Sean,,Quinn,Kelley,,Spirea
247,Sadki  Nore,10260,0,0,1,5,5,3,0,46428,1,19,Production Technician I,MA,2148,1974-12-21,M,Single,US Citizen,No,White,2009-01-05,2018-07-30,relocation out of area,Voluntarily Terminated,Production,Michael Albert,22,Google Search,Fully Meets,4.6,5,0,2018-02-05,0,7,2009,1,5,January,Monday,Low Salary,0,1,1,Maggie,,Rachael,Michael,,Albert
248,Sahoo  Adil,10233,1,1,1,1,5,3,0,57975,0,20,Production Technician II,MA,2062,1986-04-26,M,Married,US Citizen,No,White,2010-08-30,,N/A-StillEmployed,Active,Production,Kelley Spirea,18,CareerBuilder,Fully Meets,4.1,3,0,2019-01-10,0,13,2010,8,30,August,Monday,Low Salary,0,1,1,Quinn,,Rarrick,Kelley,,Spirea
249,Salter  Jason,10229,0,2,1,5,3,3,0,88527,1,9,Data Analyst,MA,2452,1987-12-17,M,Divorced,US Citizen,No,Black or African American,2015-01-05,2015-10-31,hours,Voluntarily Terminated,IT/IS,Simon Roup,4,LinkedIn,Fully Meets,4.2,3,5,2015-04-20,0,2,2015,1,5,January,Monday,Medium Salary,1,1,1,Kylo,,Ren,Simon,,Roup
250,Sander  Kamrin,10169,1,1,0,1,5,3,0,56147,0,19,Production Technician I,MA,2154,1988-07-10,F,Married,US Citizen,No,Black or African American,2014-09-29,,N/A-StillEmployed,Active,Production,Elijiah Gray,16,LinkedIn,Fully Meets,3.51,3,0,2019-02-18,0,2,2014,9,29,September,Monday,Low Salary,0,1,1,Thomas,,Rhoads,Elijiah,,Gray
251,Sewkumar  Nori,10071,0,0,0,3,5,3,0,50923,0,19,Production Technician I,MA,2191,1975-03-10,F,Single,US Citizen,No,Asian,2013-09-30,,N/A-StillEmployed,Active,Production,Webster Butler,16,Google Search,Fully Meets,5.0,5,0,2019-02-06,0,14,2013,9,30,September,Monday,Low Salary,0,1,1,Haley,,Rivera,Webster,,Butler
252,Shepard  Anita,10179,1,1,0,1,3,3,0,50750,0,15,Network Engineer,MA,1773,1981-04-14,F,Married,US Citizen,No,White,2014-09-30,,N/A-StillEmployed,Active,IT/IS,Peter Monroe,7,LinkedIn,Fully Meets,3.31,3,6,2019-01-07,0,7,2014,9,30,September,Tuesday,Low Salary,0,1,0,May,,Roberson,Peter,,Monroe
253,Shields  Seffi,10091,1,1,0,1,5,3,0,52087,0,19,Production Technician I,MA,2149,1985-08-24,F,Married,US Citizen,No,White,2013-08-19,,N/A-StillEmployed,Active,Production,Amy Dunn,11,LinkedIn,Fully Meets,4.81,4,0,2019-02-15,0,15,2013,8,19,August,Monday,Low Salary,0,1,1,Peter,,Robertson,Amy,,Dunn
254,Simard  Kramer,10178,1,1,1,1,3,3,0,87826,0,9,Data Analyst,MA,2110,1970-02-08,M,Married,US Citizen,Yes,White,2015-01-05,,N/A-StillEmployed,Active,IT/IS,Simon Roup,4,Employee Referral,Fully Meets,3.32,3,7,2019-01-14,0,16,2015,1,5,January,Monday,Medium Salary,1,1,1,Alain,,Robinson,Simon,,Roup
255,Singh  Nan,10039,0,0,0,1,1,3,0,51920,0,2,Administrative Assistant,MA,2330,1988-05-19,F,Single,US Citizen,No,White,2015-05-01,,N/A-StillEmployed,Active,Admin Offices,Brandon R. LeBlanc,1,Website,Fully Meets,5.0,3,5,2019-01-15,0,2,2015,5,1,May,Friday,Low Salary,0,1,5,Cherly,,Robinson,Brandon,R.,LeBlanc
256,Sloan  Constance,10095,0,0,0,5,5,3,0,63878,1,20,Production Technician II,MA,1851,1987-11-25,F,Single,US Citizen,No,White,2009-10-26,2015-04-08,maternity leave - did not return,Voluntarily Terminated,Production,Michael Albert,22,CareerBuilder,Fully Meets,4.68,4,0,2015-04-02,0,20,2009,10,26,October,Monday,Low Salary,0,1,1,Elias,,Robinson,Michael,,Albert
257,Smith  Joe,10027,0,0,1,1,5,4,0,60656,0,20,Production Technician II,MA,2045,1963-10-30,M,Single,US Citizen,No,White,2014-09-29,,N/A-StillEmployed,Active,Production,Elijiah Gray,16,Indeed,Exceeds,4.3,3,0,2019-01-28,0,4,2014,9,29,September,Monday,Low Salary,0,0,1,Lori,,Roby,Elijiah,,Gray
258,Smith  John,10291,0,2,1,1,6,2,1,72992,0,21,Sales Manager,MA,1886,1984-08-16,M,Divorced,US Citizen,No,Black or African American,2014-05-18,,N/A-StillEmployed,Active,Sales,Debra Houlihan,15,Diversity Job Fair,Needs Improvement,2.4,4,0,2019-01-16,2,16,2014,5,18,May,Sunday,Medium Salary,1,2,4,Bianca,,Roehrich,Debra,,Houlihan
259,Smith  Leigh Ann,10153,1,1,0,5,1,3,1,55000,1,2,Administrative Assistant,MA,1844,1987-06-14,F,Married,US Citizen,No,Black or African American,2011-09-26,2013-09-25,career change,Voluntarily Terminated,Admin Offices,Brandon R. LeBlanc,1,Diversity Job Fair,Fully Meets,3.8,4,4,2013-08-15,0,17,2011,9,26,September,Monday,Low Salary,0,1,1,Katie,,Roper,Brandon,R.,LeBlanc
260,Smith  Sade,10157,0,0,0,1,5,3,0,58939,0,19,Production Technician I,MA,2130,1965-02-02,F,Single,US Citizen,No,White,2013-11-11,,N/A-StillEmployed,Active,Production,Ketsia Liebig,19,Employee Referral,Fully Meets,3.73,3,0,2019-01-24,0,16,2013,11,11,November,Monday,Low Salary,0,1,1,Ashley,,Rose,Ketsia,,Liebig
261,Soto  Julia,10119,1,1,0,1,3,3,0,66593,0,14,IT Support,MA,2360,1973-03-12,F,Married,US Citizen,No,Black or African American,2011-06-10,,N/A-StillEmployed,Active,IT/IS,Eric Dougall,6,LinkedIn,Fully Meets,4.3,3,5,2019-02-08,0,19,2011,6,10,June,Friday,Low Salary,0,1,5,Bruno,,Rossetti,Eric,,Dougall
262,Soze  Keyser,10180,1,1,1,2,3,3,0,87565,0,28,Sr. Network Engineer,MA,1545,1983-02-09,M,Married,US Citizen,No,Asian,2016-06-30,,N/A-StillEmployed,Active,IT/IS,Peter Monroe,7,LinkedIn,Fully Meets,3.27,4,5,2019-01-14,0,13,2016,6,30,June,Thursday,Medium Salary,1,1,2,Simon,,Roup,Peter,,Monroe
263,Sparks  Taylor,10302,1,1,0,1,5,1,0,64021,0,19,Production Technician I,MA,2093,1968-07-20,F,Married,US Citizen,No,White,2012-02-20,,N/A-StillEmployed,Active,Production,Brannon Miller,12,Indeed,PIP,2.4,2,1,2019-02-25,6,20,2012,2,20,February,Monday,Low Salary,0,3,1,Ricardo,,Ruiz,Brannon,,Miller
264,Spirea  Kelley,10090,1,1,0,1,5,3,0,65714,0,18,Production Manager,MA,2451,1975-09-30,F,Married,US Citizen,No,White,2012-10-02,,N/A-StillEmployed,Active,Production,Janet King,2,LinkedIn,Fully Meets,4.83,5,0,2019-02-14,0,15,2012,10,2,October,Tuesday,Low Salary,0,1,0,Adell,,Saada,Janet,,King
265,Squatrito  Kristen,10030,0,2,0,5,5,4,0,62425,1,19,Production Technician I,MA,2359,1973-03-26,F,Divorced,US Citizen,No,White,2013-05-13,2015-06-29,unhappy,Voluntarily Terminated,Production,David Stanley,14,LinkedIn,Exceeds,4.1,4,0,2015-03-02,0,16,2013,5,13,May,Monday,Low Salary,0,0,1,Melinda,,Saar-Beckles,David,,Stanley
266,Stanford Barbara  M,10278,0,2,0,1,5,3,0,47961,0,19,Production Technician I,MA,2050,1982-08-25,F,Divorced,US Citizen,No,Two or more races,2011-01-10,,N/A-StillEmployed,Active,Production,Kissy Sullivan,20,Google Search,Fully Meets,4.1,4,0,2019-02-07,0,9,2011,1,10,January,Monday,Low Salary,0,1,1,Nore,,Sadki,Kissy,,Sullivan
267,Stansfield  Norman,10307,1,1,1,1,6,1,0,58273,0,3,Area Sales Manager,NV,89139,1974-05-09,M,Married,US Citizen,No,White,2014-05-12,,N/A-StillEmployed,Active,Sales,Lynn Daneault,21,Website,PIP,1.81,2,0,2019-01-17,3,5,2014,5,12,May,Monday,Low Salary,0,3,1,Adil,,Sahoo,Lynn,,Daneault
268,Steans  Tyrone,10147,0,0,1,1,1,3,0,63003,0,1,Accountant I,MA,2703,1986-09-01,M,Single,US Citizen,No,White,2014-09-29,,N/A-StillEmployed,Active,Admin Offices,Brandon R. LeBlanc,1,Indeed,Fully Meets,3.9,5,5,2019-01-18,0,9,2014,9,29,September,Monday,Low Salary,0,1,1,Jason,,Salter,Brandon,R.,LeBlanc
269,Stoica  Rick,10266,1,1,1,1,5,3,0,61355,0,19,Production Technician I,MA,2301,1985-03-14,M,Married,US Citizen,No,Asian,2014-02-17,,N/A-StillEmployed,Active,Production,Kelley Spirea,18,LinkedIn,Fully Meets,4.7,3,0,2019-01-11,0,4,2014,2,17,February,Monday,Low Salary,0,1,1,Kamrin,,Sander,Kelley,,Spirea
270,Strong  Caitrin,10241,1,1,0,1,6,3,0,60120,0,3,Area Sales Manager,MT,59102,1989-05-12,F,Married,US Citizen,No,Black or African American,2010-09-27,,N/A-StillEmployed,Active,Sales,John Smith,17,Indeed,Fully Meets,4.1,4,0,2019-01-31,0,18,2010,9,27,September,Monday,Low Salary,0,1,1,Nori,,Sewkumar,John,,Smith
271,Sullivan  Kissy,10158,1,1,0,1,5,3,0,63682,0,18,Production Manager,MA,1776,1978-03-28,F,Married,US Citizen,No,Black or African American,2009-01-08,,N/A-StillEmployed,Active,Production,Janet King,2,Indeed,Fully Meets,3.73,4,0,2019-01-24,0,12,2009,1,8,January,Thursday,Low Salary,0,1,2,Anita,,Shepard,Janet,,King
272,Sullivan  Timothy,10117,1,1,1,1,5,3,0,63025,0,19,Production Technician I,MA,2747,1982-10-07,M,Married,US Citizen,Yes,White,2015-01-05,,N/A-StillEmployed,Active,Production,Michael Albert,22,Google Search,Fully Meets,4.36,5,0,2019-01-24,0,10,2015,1,5,January,Monday,Low Salary,0,1,1,Seffi,,Shields,Michael,,Albert
273,Sutwell  Barbara,10209,0,0,0,1,5,3,0,59238,0,19,Production Technician I,MA,2718,1968-08-15,F,Single,Eligible NonCitizen,No,Asian,2012-05-14,,N/A-StillEmployed,Active,Production,Elijiah Gray,16,Indeed,Fully Meets,3.4,5,0,2019-01-31,0,13,2012,5,14,May,Monday,Low Salary,0,1,1,Kramer,,Simard,Elijiah,,Gray
274,Szabo  Andrew,10024,0,0,1,1,4,4,0,92989,0,24,Software Engineer,MA,2140,1983-05-06,M,Single,US Citizen,No,White,2014-07-07,,N/A-StillEmployed,Active,Software Engineering,Alex Sweetwater,10,LinkedIn,Exceeds,4.5,5,5,2019-02-18,0,1,2014,7,7,July,Monday,Medium Salary,1,0,1,Nan,,Singh,Alex,,Sweetwater
275,Tannen  Biff,10173,1,1,1,1,3,3,0,90100,0,4,BI Developer,MA,2134,1987-10-24,M,Married,US Citizen,No,White,2017-04-20,,N/A-StillEmployed,Active,IT/IS,Brian Champaigne,13,Indeed,Fully Meets,3.4,3,6,2019-01-02,0,14,2017,4,20,April,Thursday,Medium Salary,1,1,2,Constance,,Sloan,Brian,,Champaigne
276,Tavares  Desiree,10221,1,1,0,5,5,3,1,60754,1,19,Production Technician I,MA,1801,1975-04-03,F,Married,Non-Citizen,No,Black or African American,2009-04-27,2013-04-01,Another position,Voluntarily Terminated,Production,Webster Butler,39,Diversity Job Fair,Fully Meets,4.5,5,0,2012-02-15,0,11,2009,4,27,April,Monday,Low Salary,0,1,1,Joe,,Smith,Webster,,Butler
277,Tejeda  Lenora,10146,1,1,0,5,5,3,0,72202,1,20,Production Technician II,MA,2129,1953-05-24,F,Married,US Citizen,No,White,2011-05-16,2017-07-08,Another position,Voluntarily Terminated,Production,Elijiah Gray,16,Google Search,Fully Meets,3.93,3,0,2017-04-18,0,3,2011,5,16,May,Monday,Medium Salary,1,1,1,John,,Smith,Elijiah,,Gray
278,Terry  Sharlene,10161,0,0,0,1,6,3,0,58370,0,3,Area Sales Manager,OR,97756,1965-05-07,F,Single,US Citizen,No,Black or African American,2014-09-29,,N/A-StillEmployed,Active,Sales,Lynn Daneault,21,Indeed,Fully Meets,3.69,3,0,2019-01-28,0,18,2014,9,29,September,Monday,Low Salary,0,1,1,Leigh,Ann,Smith,Lynn,,Daneault
279,Theamstern  Sophia,10141,0,0,0,5,5,3,0,48413,1,19,Production Technician I,MA,2066,1965-05-09,F,Single,US Citizen,No,White,2011-07-05,2016-09-05,return to school,Voluntarily Terminated,Production,Amy Dunn,11,Indeed,Fully Meets,3.98,4,0,2016-03-02,0,1,2011,7,5,July,Tuesday,Low Salary,0,1,0,Sade,,Smith,Amy,,Dunn
280,Thibaud  Kenneth,10268,0,4,1,5,5,3,0,67176,1,20,Production Technician II,MA,2472,1975-09-16,M,Widowed,US Citizen,No,White,2007-06-25,2010-08-30,military,Voluntarily Terminated,Production,Webster Butler,39,Other,Fully Meets,4.1,4,0,2010-07-14,0,15,2007,6,25,June,Monday,Low Salary,0,1,1,Julia,,Soto,Webster,,Butler
281,Tippett  Jeanette,10123,0,2,0,1,5,3,0,56339,0,19,Production Technician I,MA,2093,1967-06-05,F,Divorced,US Citizen,No,Black or African American,2013-02-18,,N/A-StillEmployed,Active,Production,Brannon Miller,12,Indeed,Fully Meets,4.21,5,0,2019-01-14,0,4,2013,2,18,February,Monday,Low Salary,0,1,1,Keyser,,Soze,Brannon,,Miller
282,Torrence  Jack,10013,0,3,1,1,6,4,0,64397,0,3,Area Sales Manager,ND,58782,1968-01-15,M,Separated,US Citizen,No,White,2006-01-09,,N/A-StillEmployed,Active,Sales,Lynn Daneault,21,Indeed,Exceeds,4.1,3,0,2019-01-04,0,6,2006,1,9,January,Monday,Low Salary,0,0,1,Taylor,,Sparks,Lynn,,Daneault
283,Trang  Mei,10287,0,0,0,1,5,2,0,63025,0,19,Production Technician I,MA,2021,1983-05-16,F,Single,US Citizen,No,White,2014-02-17,,N/A-StillEmployed,Active,Production,David Stanley,14,LinkedIn,Needs Improvement,2.44,5,0,2019-02-11,4,18,2014,2,17,February,Monday,Low Salary,0,2,1,Kelley,,Spirea,David,,Stanley
284,Tredinnick  Neville,10044,1,1,1,5,3,3,0,75281,1,15,Network Engineer,MA,1420,1988-05-05,M,Married,US Citizen,No,White,2015-01-05,2016-02-12,medical issues,Voluntarily Terminated,IT/IS,Peter Monroe,7,CareerBuilder,Fully Meets,5.0,3,5,2015-04-15,0,11,2015,1,5,January,Monday,Medium Salary,1,1,1,Kristen,,Squatrito,Peter,,Monroe
285,True  Edward,10102,0,0,1,5,4,3,1,100416,1,24,Software Engineer,MA,2451,1983-06-14,M,Single,Non-Citizen,No,Black or African American,2013-02-18,2018-04-15,medical issues,Voluntarily Terminated,Software Engineering,Alex Sweetwater,10,Diversity Job Fair,Fully Meets,4.6,3,4,2017-02-12,0,9,2013,2,18,February,Monday,Medium Salary,1,1,1,Barbara, M,Stanford,Alex,,Sweetwater
286,Trzeciak  Cybil,10270,0,0,0,5,5,3,0,74813,1,20,Production Technician II,MA,1778,1985-03-15,F,Single,US Citizen,No,White,2011-01-10,2014-07-02,unhappy,Voluntarily Terminated,Production,Amy Dunn,11,LinkedIn,Fully Meets,4.4,3,0,2014-01-05,0,5,2011,1,10,January,Monday,Medium Salary,1,1,1,Norman,,Stansfield,Amy,,Dunn
287,Turpin  Jumil,10045,1,1,1,1,3,3,0,76029,0,15,Network Engineer,MA,2343,1969-03-31,M,Married,Eligible NonCitizen,No,White,2015-03-30,,N/A-StillEmployed,Active,IT/IS,Peter Monroe,7,Employee Referral,Fully Meets,5.0,4,7,2019-01-14,0,8,2015,3,30,March,Monday,Medium Salary,1,1,1,Tyrone,,Steans,Peter,,Monroe
288,Valentin Jackie,10205,1,1,0,1,6,3,0,57859,0,3,Area Sales Manager,AZ,85006,1991-05-23,F,Married,US Citizen,No,Two or more races,2011-07-05,,N/A-StillEmployed,Active,Sales,John Smith,17,Indeed,Fully Meets,2.81,3,0,2019-01-17,0,16,2011,7,5,July,Tuesday,Low Salary,0,1,0,Rick,,Stoica,John,,Smith
289,Veera  Abdellah,10014,0,2,1,5,5,4,0,58523,1,19,Production Technician I,MA,2171,1987-01-31,M,Divorced,US Citizen,No,White,2012-08-13,2016-02-05,maternity leave - did not return,Voluntarily Terminated,Production,Kissy Sullivan,20,LinkedIn,Exceeds,4.5,5,0,2016-02-01,0,15,2012,8,13,August,Monday,Low Salary,0,0,1,Caitrin,,Strong,Kissy,,Sullivan
290,Vega  Vincent,10144,0,2,1,1,5,3,0,88976,0,17,Production Manager,MA,2169,1968-10-10,M,Divorced,US Citizen,No,White,2011-08-01,,N/A-StillEmployed,Active,Production,Janet King,2,Employee Referral,Fully Meets,3.93,3,0,2019-02-27,0,19,2011,8,1,August,Monday,Medium Salary,1,1,1,Kissy,,Sullivan,Janet,,King
291,Villanueva  Noah,10253,0,0,1,1,6,3,0,55875,0,3,Area Sales Manager,ME,4063,1989-07-11,M,Single,US Citizen,No,Asian,2012-03-05,,N/A-StillEmployed,Active,Sales,John Smith,17,Website,Fully Meets,4.5,4,0,2019-01-18,0,11,2012,3,5,March,Monday,Low Salary,0,1,1,Timothy,,Sullivan,John,,Smith
292,Voldemort  Lord,10118,1,1,1,4,3,3,0,113999,1,8,Database Administrator,MA,1960,1986-08-07,M,Married,US Citizen,No,Black or African American,2015-02-16,2017-02-22,"no-call, no-show",Terminated for Cause,IT/IS,Simon Roup,4,Employee Referral,Fully Meets,4.33,3,7,2017-02-15,0,9,2015,2,16,February,Monday,Medium Salary,1,1,1,Barbara,,Sutwell,Simon,,Roup
293,Volk  Colleen,10022,1,1,0,4,5,4,0,49773,1,19,Production Technician I,MA,2747,1986-06-03,F,Married,US Citizen,No,White,2011-09-26,2016-02-08,gross misconduct,Terminated for Cause,Production,Kelley Spirea,18,Google Search,Exceeds,4.3,5,0,2015-02-01,0,18,2011,9,26,September,Monday,Low Salary,0,0,1,Andrew,,Szabo,Kelley,,Spirea
294,Von Massenbach  Anna,10183,0,0,0,2,5,3,0,62068,0,19,Production Technician I,MA,2124,1985-04-06,F,Single,US Citizen,No,White,2015-07-05,,N/A-StillEmployed,Active,Production,Michael Albert,22,LinkedIn,Fully Meets,3.21,3,0,2019-01-29,0,7,2015,7,5,July,Sunday,Low Salary,0,1,4,Biff,,Tannen,Michael,,Albert
295,Walker  Roger,10190,0,0,1,1,5,3,0,66541,0,20,Production Technician II,MA,2459,1976-02-10,M,Single,US Citizen,No,Black or African American,2014-08-18,,N/A-StillEmployed,Active,Production,Ketsia Liebig,19,Employee Referral,Fully Meets,3.11,5,0,2019-02-12,0,4,2014,8,18,August,Monday,Low Salary,0,1,1,Desiree,,Tavares,Ketsia,,Liebig
296,Wallace  Courtney  E,10274,1,1,0,5,5,3,1,80512,1,18,Production Manager,MA,2478,1955-11-14,F,Married,US Citizen,No,Black or African American,2011-09-26,2012-01-02,Another position,Voluntarily Terminated,Production,Janet King,2,Diversity Job Fair,Fully Meets,4.5,3,0,2012-01-02,0,5,2011,9,26,September,Monday,Medium Salary,1,1,1,Lenora,,Tejeda,Janet,,King
297,Wallace  Theresa,10293,0,0,0,5,5,2,0,50274,1,19,Production Technician I,MA,1887,1980-08-02,F,Single,US Citizen,No,White,2012-08-13,2015-09-01,career change,Voluntarily Terminated,Production,Elijiah Gray,16,CareerBuilder,Needs Improvement,2.5,3,0,2014-09-05,6,13,2012,8,13,August,Monday,Low Salary,0,2,1,Sharlene,,Terry,Elijiah,,Gray
298,Wang  Charlie,10172,0,0,1,1,3,3,0,84903,0,22,Senior BI Developer,MA,1887,1981-07-08,M,Single,US Citizen,No,Asian,2017-02-15,,N/A-StillEmployed,Active,IT/IS,Brian Champaigne,13,Indeed,Fully Meets,3.42,4,7,2019-01-04,0,17,2017,2,15,February,Wednesday,Medium Salary,1,1,3,Sophia,,Theamstern,Brian,,Champaigne
299,Warfield  Sarah,10127,0,4,0,1,3,3,0,107226,0,28,Sr. Network Engineer,MA,2453,1978-05-02,F,Widowed,US Citizen,No,Asian,2015-03-30,,N/A-StillEmployed,Active,IT/IS,Peter Monroe,7,Employee Referral,Fully Meets,4.2,4,8,2019-02-05,0,7,2015,3,30,March,Monday,Medium Salary,1,1,1,Kenneth,,Thibaud,Peter,,Monroe
300,Whittier  Scott,10072,0,0,1,5,5,3,0,58371,1,19,Production Technician I,MA,2030,1987-05-24,M,Single,US Citizen,Yes,White,2011-01-10,2014-05-15,hours,Voluntarily Terminated,Production,Webster Butler,39,LinkedIn,Fully Meets,5.0,5,0,2014-05-15,0,11,2011,1,10,January,Monday,Low Salary,0,1,1,Jeanette,,Tippett,Webster,,Butler
301,Wilber  Barry,10048,1,1,1,5,5,3,0,55140,1,19,Production Technician I,MA,2324,1965-09-09,M,Married,Eligible NonCitizen,No,White,2011-05-16,2015-09-07,unhappy,Voluntarily Terminated,Production,Amy Dunn,11,Website,Fully Meets,5.0,3,0,2015-02-15,0,7,2011,5,16,May,Monday,Low Salary,0,1,1,Jack,,Torrence,Amy,,Dunn
302,Wilkes  Annie,10204,0,2,0,5,5,3,0,58062,1,19,Production Technician I,MA,1876,1983-07-30,F,Divorced,US Citizen,No,White,2011-01-10,2012-05-14,Another position,Voluntarily Terminated,Production,Ketsia Liebig,19,Google Search,Fully Meets,3.6,5,0,2011-02-06,0,9,2011,1,10,January,Monday,Low Salary,0,1,1,Mei,,Trang,Ketsia,,Liebig
303,Williams  Jacquelyn,10264,0,0,0,5,5,3,1,59728,1,19,Production Technician I,MA,2109,1969-10-02,F,Single,US Citizen,Yes,Black or African American,2012-01-09,2015-06-27,relocation out of area,Voluntarily Terminated,Production,Ketsia Liebig,19,Diversity Job Fair,Fully Meets,4.3,4,0,2014-06-02,0,16,2012,1,9,January,Monday,Low Salary,0,1,1,Neville,,Tredinnick,Ketsia,,Liebig
304,Winthrop  Jordan,10033,0,0,1,5,5,4,0,70507,1,20,Production Technician II,MA,2045,1958-11-07,M,Single,US Citizen,No,White,2013-01-07,2016-02-21,retiring,Voluntarily Terminated,Production,Brannon Miller,12,LinkedIn,Exceeds,5.0,3,0,2016-01-19,0,7,2013,1,7,January,Monday,Medium Salary,1,0,1,Edward,,True,Brannon,,Miller
305,Wolk  Hang  T,10174,0,0,0,1,5,3,0,60446,0,20,Production Technician II,MA,2302,1985-04-20,F,Single,US Citizen,No,White,2014-09-29,,N/A-StillEmployed,Active,Production,David Stanley,14,LinkedIn,Fully Meets,3.4,4,0,2019-02-21,0,14,2014,9,29,September,Monday,Low Salary,0,1,1,Cybil,,Trzeciak,David,,Stanley
306,Woodson  Jason,10135,0,0,1,1,5,3,0,65893,0,20,Production Technician II,MA,1810,1985-05-11,M,Single,US Citizen,No,White,2014-07-07,,N/A-StillEmployed,Active,Production,Kissy Sullivan,20,LinkedIn,Fully Meets,4.07,4,0,2019-02-28,0,13,2014,7,7,July,Monday,Low Salary,0,1,1,Jumil,,Turpin,Kissy,,Sullivan
307,Ybarra  Catherine,10301,0,0,0,5,5,1,0,48513,1,19,Production Technician I,MA,2458,1982-05-04,F,Single,US Citizen,No,Asian,2008-09-02,2015-09-29,Another position,Voluntarily Terminated,Production,Brannon Miller,12,Google Search,PIP,3.2,2,0,2015-09-02,5,4,2008,9,2,September,Tuesday,Low Salary,0,3,0,Jackie,,Valentin,Brannon,,Miller
308,Zamora  Jennifer,10010,0,0,0,1,3,4,0,220450,0,6,CIO,MA,2067,1979-08-30,F,Single,US Citizen,No,White,2010-04-10,,N/A-StillEmployed,Active,IT/IS,Janet King,2,Employee Referral,Exceeds,4.6,5,6,2019-02-21,0,16,2010,4,10,April,Saturday,High Salary,2,0,6,Abdellah,,Veera,Janet,,King
309,Zhou  Julia,10043,0,0,0,1,3,3,0,89292,0,9,Data Analyst,MA,2148,1979-02-24,F,Single,US Citizen,No,White,2015-03-30,,N/A-StillEmployed,Active,IT/IS,Simon Roup,4,Employee Referral,Fully Meets,5.0,3,5,2019-02-01,0,11,2015,3,30,March,Monday,Medium Salary,1,1,1,Vincent,,Vega,Simon,,Roup
310,Zima  Colleen,10271,0,4,0,1,5,3,0,45046,0,19,Production Technician I,MA,1730,1978-08-17,F,Widowed,US Citizen,No,Asian,2014-09-29,,N/A-StillEmployed,Active,Production,David Stanley,14,LinkedIn,Fully Meets,4.5,5,0,2019-01-30,0,2,2014,9,29,September,Monday,Low Salary,0,1,1,Noah,,Villanueva,David,,Stanley
